source	target	source_genesymbol	target_genesymbol	is_directed	is_stimulation	is_inhibition	consensus_direction	consensus_stimulation	consensus_inhibition
Q16539	P49137	MAPK14	MAPKAPK2	1	1	0	1	1	0
P19235	O60674	EPOR	JAK2	1	1	0	0	0	0
Q9Y219	P46531	JAG2	NOTCH1	1	1	1	1	1	0
P46531	O00548	NOTCH1	DLL1	1	1	1	0	0	0
P05019	P08069	IGF1	IGF1R	1	1	0	1	1	0
P00519	O15350	ABL1	TP73	1	1	0	1	1	0
P30086	P04049	PEBP1	RAF1	1	1	1	1	0	1
P45985	P45983	MAP2K4	MAPK8	1	1	0	1	1	0
O43318	P45985	MAP3K7	MAP2K4	1	1	0	1	1	0
Q16539	Q8IW41	MAPK14	MAPKAPK5	1	1	0	1	1	0
P46531	P78504	NOTCH1	JAG1	1	1	0	0	0	0
P78504	P46531	JAG1	NOTCH1	1	1	1	1	1	0
P01116	P04049	KRAS	RAF1	1	1	0	1	1	0
Q8N474	P56705	SFRP1	WNT4	1	1	1	1	0	1
Q8N474	P04628	SFRP1	WNT1	1	1	1	1	1	0
Q15382	P42345	RHEB	MTOR	1	1	0	1	1	0
P49815	Q15382	TSC2	RHEB	1	1	1	1	0	1
P49815	Q92574	TSC2	TSC1	1	1	1	1	1	0
P07949	P29353	RET	SHC1	1	1	0	1	1	0
P04629	P29353	NTRK1	SHC1	1	1	0	1	1	0
P61586	O75116	RHOA	ROCK2	1	1	0	1	1	0
Q02750	P27361	MAP2K1	MAPK3	1	1	0	1	1	0
P28482	Q15418	MAPK1	RPS6KA1	1	1	0	1	1	0
P04049	Q02750	RAF1	MAP2K1	1	1	0	1	1	0
P31749	P38936	AKT1	CDKN1A	1	1	1	1	1	0
P41279	P45985	MAP3K8	MAP2K4	1	1	0	1	1	0
Q9GZX6	Q08334	IL22	IL10RB	1	1	0	1	1	0
P01588	P19235	EPO	EPOR	1	1	0	1	1	0
O60674	P40763	JAK2	STAT3	1	1	0	1	1	0
Q13315	P00519	ATM	ABL1	1	1	0	1	1	0
P22301	Q13651	IL10	IL10RA	1	1	0	1	1	0
P35568	P23458	IRS1	JAK1	1	1	0	0	0	0
P06213	Q9Y4H2	INSR	IRS2	1	1	1	1	1	0
P19525	P42224	EIF2AK2	STAT1	1	1	1	1	1	0
P01579	P15260	IFNG	IFNGR1	1	1	0	1	1	0
P11717	P01344	IGF2R	IGF2	1	1	1	0	0	0
P01344	P08069	IGF2	IGF1R	1	1	0	1	1	0
P49841	O15169	GSK3B	AXIN1	1	1	0	1	1	0
P49841	O75581	GSK3B	LRP6	1	1	0	1	1	0
O00141	O43524	SGK1	FOXO3	1	1	1	1	0	1
P31749	Q12778	AKT1	FOXO1	1	1	1	1	0	1
P24468	P37231	NR2F2	PPARG	1	1	1	1	0	1
P37231	P24468	PPARG	NR2F2	1	1	0	0	0	0
P49841	P01106	GSK3B	MYC	1	1	1	1	0	1
Q9Y6K9	O14920	IKBKG	IKBKB	1	1	0	1	1	0
P00519	Q96MU7	ABL1	YTHDC1	1	1	1	1	0	1
P36507	P27361	MAP2K2	MAPK3	1	1	0	1	1	0
Q9UQF2	P45983	MAPK8IP1	MAPK8	1	1	1	1	0	1
Q02750	P28482	MAP2K1	MAPK1	1	1	0	1	1	0
Q15750	O43318	TAB1	MAP3K7	1	1	0	1	1	0
Q9NYJ8	O43318	TAB2	MAP3K7	1	1	0	1	1	0
Q9UER7	Q99683	DAXX	MAP3K5	1	1	0	1	1	0
P01133	P00533	EGF	EGFR	1	1	0	1	1	0
P01583	P14778	IL1A	IL1R1	1	1	0	1	1	0
O94907	O75581	DKK1	LRP6	1	1	1	1	1	0
P41221	Q13467	WNT5A	FZD5	1	1	0	1	1	0
P49841	O75197	GSK3B	LRP5	1	1	0	0	0	0
Q92837	P49841	FRAT1	GSK3B	1	1	1	1	0	1
P45983	P28324	MAPK8	ELK4	1	1	0	1	1	0
O43318	Q9Y6K9	MAP3K7	IKBKG	1	1	1	1	1	0
P23458	P40763	JAK1	STAT3	1	1	1	1	1	0
P35222	Q12778	CTNNB1	FOXO1	1	1	0	1	1	0
Q02297	P04626	NRG1	ERBB2	1	1	0	1	1	0
P31749	O43524	AKT1	FOXO3	1	1	1	1	1	0
P31749	P98177	AKT1	FOXO4	1	1	1	1	1	0
P35222	O43524	CTNNB1	FOXO3	1	1	0	1	1	0
Q00604	Q9ULV1	NDP	FZD4	1	1	0	1	1	0
O95996	P35222	APC2	CTNNB1	1	1	1	1	1	0
P49841	P35222	GSK3B	CTNNB1	1	1	1	1	0	1
P04629	P01138	NTRK1	NGF	1	1	0	0	0	0
Q92934	Q07817	BAD	BCL2L1	1	1	1	1	0	1
P24394	P23458	IL4R	JAK1	1	1	0	1	1	0
O75676	P01100	RPS6KA4	FOS	1	1	0	1	1	0
P05112	P24394	IL4	IL4R	1	1	0	1	1	0
P24394	P52333	IL4R	JAK3	1	1	0	1	1	0
P26951	O60674	IL3RA	JAK2	1	1	0	1	1	0
Q8N2W9	P42224	PIAS4	STAT1	1	1	1	1	0	1
P41279	Q02750	MAP3K8	MAP2K1	1	1	0	1	1	0
O00141	Q12778	SGK1	FOXO1	1	1	1	1	0	1
P45983	P05412	MAPK8	JUN	1	1	0	1	1	0
Q16539	Q9HBH9	MAPK14	MKNK2	1	1	0	1	1	0
Q16539	Q9BUB5	MAPK14	MKNK1	1	1	0	1	1	0
P52564	Q15759	MAP2K6	MAPK11	1	1	0	1	1	0
P10912	O60674	GHR	JAK2	1	1	0	1	1	0
P16471	O60674	PRLR	JAK2	1	1	0	1	1	0
P48357	O60674	LEPR	JAK2	1	1	0	1	1	0
Q01344	O60674	IL5RA	JAK2	1	1	0	1	1	0
O14640	Q9Y4D1	DVL1	DAAM1	1	1	0	1	1	0
Q9Y283	O14640	INVS	DVL1	1	1	1	1	0	1
P49674	O14640	CSNK1E	DVL1	1	1	1	1	1	0
O14640	P63000	DVL1	RAC1	1	1	0	1	1	0
P49407	O14640	ARRB1	DVL1	1	1	0	1	1	0
O75676	P16220	RPS6KA4	CREB1	1	1	0	1	1	0
P01135	P00533	TGFA	EGFR	1	1	0	1	1	0
P29350	P20963	PTPN6	CD247	1	1	1	1	0	1
O14920	P25963	IKBKB	NFKBIA	1	1	1	1	0	1
O14920	Q15653	IKBKB	NFKBIB	1	1	1	1	0	1
O15111	Q15653	CHUK	NFKBIB	1	1	1	1	0	1
O15530	P31749	PDPK1	AKT1	1	1	0	1	1	0
Q13627	P08151	DYRK1A	GLI1	1	1	0	1	1	0
O00587	P78504	MFNG	JAG1	1	1	1	1	0	1
Q969H0	P46531	FBXW7	NOTCH1	1	1	1	1	0	1
P67775	O15169	PPP2CA	AXIN1	1	1	1	1	1	0
Q04759	Q9BXL7	PRKCQ	CARD11	1	1	0	1	1	0
P45983	P15336	MAPK8	ATF2	1	1	0	1	1	0
Q09472	Q15796	EP300	SMAD2	1	1	1	1	1	0
Q9UBE8	Q9UJU2	NLK	LEF1	1	1	1	1	0	1
P06239	Q9Y3P8	LCK	SIT1	1	1	0	1	1	0
O43318	Q9UBE8	MAP3K7	NLK	1	1	0	1	1	0
P49841	P10071	GSK3B	GLI3	1	1	1	1	1	0
P49841	Q9UMX1	GSK3B	SUFU	1	1	0	1	1	0
Q16539	Q14765	MAPK14	STAT4	1	1	0	1	1	0
P06239	P20963	LCK	CD247	1	1	0	1	1	0
P06239	P43403	LCK	ZAP70	1	1	0	1	1	0
P43403	Q9UQC2	ZAP70	GAB2	1	1	0	1	1	0
P43403	P15498	ZAP70	VAV1	1	1	0	1	1	0
P43403	Q13094	ZAP70	LCP2	1	1	0	1	1	0
Q9Y2U5	P45985	MAP3K2	MAP2K4	1	1	0	1	1	0
P29350	P23458	PTPN6	JAK1	1	1	1	1	1	0
Q9HCE7	O15105	SMURF1	SMAD7	1	1	1	1	1	0
Q6ZNA4	O15105	RNF111	SMAD7	1	1	1	1	0	1
Q9HCE7	P36897	SMURF1	TGFBR1	1	1	1	1	1	0
Q9Y2U5	Q13163	MAP3K2	MAP2K5	1	1	0	1	1	0
Q13163	Q13164	MAP2K5	MAPK7	1	1	0	1	1	0
Q99759	Q13163	MAP3K3	MAP2K5	1	1	0	1	1	0
P37173	P36897	TGFBR2	TGFBR1	1	1	0	1	1	0
P36897	P29353	TGFBR1	SHC1	1	1	0	1	1	0
Q16539	P15336	MAPK14	ATF2	1	1	0	1	1	0
Q16539	P84022	MAPK14	SMAD3	1	1	0	1	1	0
Q16539	Q06413	MAPK14	MEF2C	1	1	0	1	1	0
Q96J02	O15105	ITCH	SMAD7	1	1	1	1	1	0
P22681	P00533	CBL	EGFR	1	1	1	1	1	0
Q8IVT5	P04049	KSR1	RAF1	1	1	0	1	1	0
Q13882	Q07666	PTK6	KHDRBS1	1	1	0	1	1	0
P35813	Q15796	PPM1A	SMAD2	1	1	1	1	0	1
Q9Y5K5	P36897	UCHL5	TGFBR1	1	1	0	1	1	0
O75925	Q13485	PIAS1	SMAD4	1	1	0	1	1	0
Q13153	Q02750	PAK1	MAP2K1	1	1	0	1	1	0
P00533	P29353	EGFR	SHC1	1	1	0	1	1	0
P27361	P40763	MAPK3	STAT3	1	1	1	1	1	0
O75582	P16220	RPS6KA5	CREB1	1	1	0	1	1	0
P61586	Q13464	RHOA	ROCK1	1	1	0	1	1	0
O75582	P18846	RPS6KA5	ATF1	1	1	0	1	1	0
O15111	P25963	CHUK	NFKBIA	1	1	1	1	0	1
Q08881	P19174	ITK	PLCG1	1	1	0	1	1	0
Q9H2X6	Q13363	HIPK2	CTBP1	1	1	1	1	0	1
P17706	P42224	PTPN2	STAT1	1	1	1	1	0	1
P28562	Q16539	DUSP1	MAPK14	1	1	1	1	0	1
Q16539	P19419	MAPK14	ELK1	1	1	0	1	1	0
P23458	P42226	JAK1	STAT6	1	1	1	1	1	0
O14543	P23458	SOCS3	JAK1	1	1	1	0	0	0
P23458	P52333	JAK1	JAK3	1	1	0	0	0	0
P52333	P40763	JAK3	STAT3	1	1	0	1	1	0
P29350	P52333	PTPN6	JAK3	1	1	1	1	1	0
O60674	Q92783	JAK2	STAM	1	1	0	1	1	0
P27361	P19419	MAPK3	ELK1	1	1	0	1	1	0
P52333	P42229	JAK3	STAT5A	1	1	0	1	1	0
P06239	P27986	LCK	PIK3R1	1	1	1	1	1	0
P06239	O00459	LCK	PIK3R2	1	1	0	1	1	0
P52333	Q92783	JAK3	STAM	1	1	0	1	1	0
Q06124	Q9UQC2	PTPN11	GAB2	1	1	1	1	1	0
Q9UQC2	Q06124	GAB2	PTPN11	1	1	0	0	0	0
Q06124	P42229	PTPN11	STAT5A	1	1	1	1	1	0
P63165	Q13485	SUMO1	SMAD4	1	1	0	1	1	0
P00519	Q06609	ABL1	RAD51	1	1	1	1	1	0
Q13177	P00519	PAK2	ABL1	1	1	1	1	1	0
P00519	Q14511	ABL1	NEDD9	1	1	0	1	1	0
P00519	P16333	ABL1	NCK1	1	1	0	1	1	0
P00519	Q00987	ABL1	MDM2	1	1	1	1	0	1
P00519	P29323	ABL1	EPHB2	1	1	1	1	1	0
P29323	P00519	EPHB2	ABL1	1	1	0	0	0	0
P22681	P00519	CBL	ABL1	1	1	1	0	0	0
P03372	P06401	ESR1	PGR	1	1	0	0	0	0
P06401	P03372	PGR	ESR1	1	1	1	1	1	0
P00519	P46109	ABL1	CRKL	1	1	1	1	1	0
P42684	O94875	ABL2	SORBS2	1	1	0	1	1	0
O94875	P00519	SORBS2	ABL1	1	1	0	0	0	0
P00519	O94875	ABL1	SORBS2	1	1	0	1	1	0
P06400	P00519	RB1	ABL1	1	1	1	0	0	0
P00519	Q99638	ABL1	RAD9A	1	1	1	1	0	1
O43586	P00519	PSTPIP1	ABL1	1	1	1	0	0	0
P00533	P42229	EGFR	STAT5A	1	1	0	1	1	0
Q15303	P42229	ERBB4	STAT5A	1	1	0	1	1	0
P36897	P84022	TGFBR1	SMAD3	1	1	1	1	1	0
P36897	Q15796	TGFBR1	SMAD2	1	1	1	1	1	0
P31749	P84022	AKT1	SMAD3	1	1	1	1	1	0
P03372	P10276	ESR1	RARA	1	1	0	1	1	0
P10276	P03372	RARA	ESR1	1	1	0	0	0	0
P15056	Q02750	BRAF	MAP2K1	1	1	0	1	1	0
P04049	P36507	RAF1	MAP2K2	1	1	0	1	1	0
P15056	P36507	BRAF	MAP2K2	1	1	0	1	1	0
P28482	P04049	MAPK1	RAF1	1	1	1	1	1	0
P27361	P04049	MAPK3	RAF1	1	1	1	1	1	0
P36507	P28482	MAP2K2	MAPK1	1	1	0	1	1	0
P27361	Q15418	MAPK3	RPS6KA1	1	1	0	1	1	0
P11274	P00519	BCR	ABL1	1	1	0	0	0	0
Q8IZP0	P00519	ABI1	ABL1	1	1	0	0	0	0
P09919	Q99062	CSF3	CSF3R	1	1	0	1	1	0
P04141	P15509	CSF2	CSF2RA	1	1	0	1	1	0
P14210	P08581	HGF	MET	1	1	0	1	1	0
P31749	P49841	AKT1	GSK3B	1	1	1	1	0	1
P01308	P06213	INS	INSR	1	1	0	1	1	0
Q15466	P41235	NR0B2	HNF4A	1	1	0	1	1	0
O75469	P41235	NR1I2	HNF4A	1	1	0	0	0	0
Q16690	P27361	DUSP5	MAPK3	1	1	1	1	0	1
Q9Y6R4	P52564	MAP3K4	MAP2K6	1	1	0	1	1	0
Q9Y6R4	P45985	MAP3K4	MAP2K4	1	1	0	1	1	0
Q15465	Q13635	SHH	PTCH1	1	1	1	1	0	1
O43323	Q13635	DHH	PTCH1	1	1	1	1	1	0
Q14623	Q13635	IHH	PTCH1	1	1	1	1	0	1
P06213	P35568	INSR	IRS1	1	1	0	1	1	0
Q13635	Q99835	PTCH1	SMO	1	1	1	1	0	1
P46734	Q16539	MAP2K3	MAPK14	1	1	0	1	1	0
Q99683	P46734	MAP3K5	MAP2K3	1	1	0	1	1	0
Q9UMX1	P08151	SUFU	GLI1	1	1	1	1	1	0
P24522	Q16539	GADD45A	MAPK14	1	1	1	1	0	1
Q9UMX1	P10071	SUFU	GLI3	1	1	1	1	1	0
P60953	Q13233	CDC42	MAP3K1	1	1	0	1	1	0
Q13233	P45985	MAP3K1	MAP2K4	1	1	1	1	1	0
Q13233	O14733	MAP3K1	MAP2K7	1	1	0	1	1	0
P29597	P42224	TYK2	STAT1	1	1	0	1	1	0
O75925	P42224	PIAS1	STAT1	1	1	1	1	1	0
Q9Y6X2	P40763	PIAS3	STAT3	1	1	1	1	1	0
P23458	P42224	JAK1	STAT1	1	1	0	1	1	0
P63000	P40763	RAC1	STAT3	1	1	0	1	1	0
O14733	P45983	MAP2K7	MAPK8	1	1	0	1	1	0
Q16539	P35638	MAPK14	DDIT3	1	1	0	1	1	0
P31749	Q92934	AKT1	BAD	1	1	1	1	0	1
P41221	Q01974	WNT5A	ROR2	1	1	0	1	1	0
P17252	P04049	PRKCA	RAF1	1	1	1	1	1	0
P60953	Q13153	CDC42	PAK1	1	1	0	1	1	0
P63000	Q13153	RAC1	PAK1	1	1	0	1	1	0
P10276	P48443	RARA	RXRG	1	1	0	0	0	0
P48443	P10276	RXRG	RARA	1	1	0	1	1	0
Q9NWT1	Q13153	PAK1IP1	PAK1	1	1	1	1	0	1
P15153	Q13153	RAC2	PAK1	1	1	0	1	1	0
P16333	Q13153	NCK1	PAK1	1	1	0	1	1	0
Q13153	P16333	PAK1	NCK1	1	1	0	0	0	0
Q969G9	Q92997	NKD1	DVL3	1	1	1	1	0	1
P46531	Q06330	NOTCH1	RBPJ	1	1	0	1	1	0
P84022	P05412	SMAD3	JUN	1	1	0	1	1	0
A7KAX9	P60953	ARHGAP32	CDC42	1	1	1	1	1	0
P22681	P06239	CBL	LCK	1	0	1	0	0	0
P78504	Q04721	JAG1	NOTCH2	1	1	1	1	1	0
P22681	P19174	CBL	PLCG1	1	0	1	1	0	1
P22681	O00459	CBL	PIK3R2	1	0	1	1	0	1
P22681	P27986	CBL	PIK3R1	1	0	1	1	0	1
P46937	O15105	YAP1	SMAD7	1	1	0	1	1	0
Q15465	Q9Y6C5	SHH	PTCH2	1	1	1	1	1	0
P29353	Q92835	SHC1	INPP5D	1	1	0	1	1	0
Q9Y219	Q04721	JAG2	NOTCH2	1	1	1	1	1	0
Q9Y219	Q9UM47	JAG2	NOTCH3	1	1	1	1	1	0
Q15796	Q02078	SMAD2	MEF2A	1	1	0	1	1	0
P09693	P07766	CD3G	CD3E	1	0	0	0	0	0
Q9UER7	P37173	DAXX	TGFBR2	1	1	0	1	1	0
Q9Y6C5	Q99835	PTCH2	SMO	1	1	0	1	1	0
O15169	Q13233	AXIN1	MAP3K1	1	1	0	1	1	0
O15169	Q9Y6R4	AXIN1	MAP3K4	1	1	0	1	1	0
Q8WU20	Q06124	FRS2	PTPN11	1	1	0	1	1	0
P04628	O75581	WNT1	LRP6	1	1	0	1	1	0
P04628	P34925	WNT1	RYK	1	1	0	1	1	0
P05231	P08887	IL6	IL6R	1	1	0	1	1	0
P15498	Q04759	VAV1	PRKCQ	1	1	0	1	1	0
Q9UMX1	Q9NRP7	SUFU	STK36	1	1	0	1	1	0
P20963	P43403	CD247	ZAP70	1	1	0	1	1	0
P10600	P37173	TGFB3	TGFBR2	1	1	0	1	1	0
Q16539	Q9BY84	MAPK14	DUSP16	1	0	1	0	0	0
P15498	P43405	VAV1	SYK	1	1	0	1	1	0
Q96J02	P46531	ITCH	NOTCH1	1	1	1	1	1	0
P61812	P37173	TGFB2	TGFBR2	1	1	0	1	1	0
P84022	P46531	SMAD3	NOTCH1	1	1	0	1	1	0
P56704	P34925	WNT3A	RYK	1	1	0	1	1	0
P07948	Q05397	LYN	PTK2	1	1	0	1	1	0
P35222	Q9UJU2	CTNNB1	LEF1	1	1	1	1	1	0
Q13094	P19174	LCP2	PLCG1	1	1	0	1	1	0
P04626	P27986	ERBB2	PIK3R1	1	1	0	1	1	0
Q9Y6K9	O15111	IKBKG	CHUK	1	1	0	1	1	0
P49757	Q96J02	NUMB	ITCH	1	1	0	1	1	0
P84022	P10275	SMAD3	AR	1	1	1	1	1	0
P98082	Q15796	DAB2	SMAD2	1	1	0	1	1	0
O94907	Q96MU8	DKK1	KREMEN1	1	1	0	1	1	0
P98082	Q92997	DAB2	DVL3	1	1	1	1	0	1
P46531	Q9UJU2	NOTCH1	LEF1	1	1	0	1	1	0
O15105	Q9HAU4	SMAD7	SMURF2	1	1	0	1	1	0
Q9HAU4	O15105	SMURF2	SMAD7	1	1	1	0	0	0
Q9Y2X7	P19174	GIT1	PLCG1	1	1	0	1	1	0
Q9UM47	Q06330	NOTCH3	RBPJ	1	1	0	1	1	0
P49116	P10275	NR2C2	AR	1	1	1	1	1	0
Q06330	Q86X95	RBPJ	CIR1	1	1	0	1	1	0
O43561	P19174	LAT	PLCG1	1	1	0	1	1	0
Q8IZL2	Q99466	MAML2	NOTCH4	1	1	0	1	1	0
Q8IZL2	Q9UM47	MAML2	NOTCH3	1	1	0	1	1	0
Q8IZL2	Q04721	MAML2	NOTCH2	1	1	0	1	1	0
Q8IZL2	P46531	MAML2	NOTCH1	1	1	0	1	1	0
O14492	P22681	SH2B2	CBL	1	1	1	1	1	0
P84022	Q13485	SMAD3	SMAD4	1	1	0	1	1	0
Q86Y01	P46531	DTX1	NOTCH1	1	1	0	1	1	0
O43561	P15498	LAT	VAV1	1	1	0	1	1	0
Q9ULV1	O14641	FZD4	DVL2	1	1	0	1	1	0
P35658	Q13485	NUP214	SMAD4	1	1	0	1	1	0
P35658	P84022	NUP214	SMAD3	1	1	0	1	1	0
P35658	Q15796	NUP214	SMAD2	1	1	0	1	1	0
O94907	Q8NCW0	DKK1	KREMEN2	1	1	0	1	1	0
P14778	O43187	IL1R1	IRAK2	1	1	0	1	1	0
P14778	P51617	IL1R1	IRAK1	1	1	0	1	1	0
Q9Y618	P10275	NCOR2	AR	1	1	1	1	1	0
P12931	Q14289	SRC	PTK2B	1	1	0	1	1	0
Q14289	P12931	PTK2B	SRC	1	1	0	0	0	0
Q92997	Q92837	DVL3	FRAT1	1	1	0	1	1	0
P12757	Q15796	SKIL	SMAD2	1	1	1	1	1	0
P12757	P84022	SKIL	SMAD3	1	1	0	1	1	0
P12757	Q13485	SKIL	SMAD4	1	1	1	1	1	0
Q15596	P37231	NCOA2	PPARG	1	1	0	1	1	0
O75593	Q15796	FOXH1	SMAD2	1	1	0	1	1	0
Q9BXL7	Q9Y6K9	CARD11	IKBKG	1	0	0	0	0	0
O43541	P36897	SMAD6	TGFBR1	1	1	1	1	1	0
O00755	Q13467	WNT7A	FZD5	1	1	0	1	1	0
Q15797	O14640	SMAD1	DVL1	1	1	0	1	1	0
P43403	P19174	ZAP70	PLCG1	1	0	0	0	0	0
O14640	P84022	DVL1	SMAD3	1	1	0	1	1	0
Q09472	O15105	EP300	SMAD7	1	1	0	1	1	0
Q06124	P40763	PTPN11	STAT3	1	1	1	1	1	0
P84022	P03372	SMAD3	ESR1	1	1	0	1	1	0
P60568	P31785	IL2	IL2RG	1	1	1	1	1	0
Q9UMX1	O00422	SUFU	SAP18	1	1	0	1	1	0
P46531	Q13573	NOTCH1	SNW1	1	1	0	1	1	0
P10275	P35222	AR	CTNNB1	1	1	1	1	1	0
O43323	Q9Y6C5	DHH	PTCH2	1	1	0	1	1	0
P10747	O00459	CD28	PIK3R2	1	1	0	1	1	0
P10747	P27986	CD28	PIK3R1	1	0	0	0	0	0
P48745	P46531	CCN3	NOTCH1	1	1	0	1	1	0
P15498	P28482	VAV1	MAPK1	1	1	0	1	1	0
Q96RT1	P84022	ERBIN	SMAD3	1	1	0	1	1	0
Q96RT1	Q15796	ERBIN	SMAD2	1	1	1	1	1	0
O43561	O75791	LAT	GRAP2	1	0	0	0	0	0
Q06124	O00459	PTPN11	PIK3R2	1	0	1	1	0	1
P10747	O75791	CD28	GRAP2	1	0	0	0	0	0
P00533	P19174	EGFR	PLCG1	1	1	0	1	1	0
P63000	Q13177	RAC1	PAK2	1	1	0	1	1	0
P34925	O14640	RYK	DVL1	1	1	0	1	1	0
P20963	P29353	CD247	SHC1	1	0	0	0	0	0
P01730	P06239	CD4	LCK	1	1	0	1	1	0
O95999	Q9BXL7	BCL10	CARD11	1	0	0	0	0	0
O15524	P23458	SOCS1	JAK1	1	1	1	1	1	0
P00533	O43639	EGFR	NCK2	1	1	0	1	1	0
O75791	Q9UQC2	GRAP2	GAB2	1	0	0	0	0	0
P78314	P15498	SH3BP2	VAV1	1	0	0	0	0	0
Q15796	Q13485	SMAD2	SMAD4	1	1	0	1	1	0
P31785	P23458	IL2RG	JAK1	1	1	0	1	1	0
P31785	P52333	IL2RG	JAK3	1	1	0	1	1	0
Q01974	Q9Y5V3	ROR2	MAGED1	1	1	0	1	1	0
Q12860	P46531	CNTN1	NOTCH1	1	1	0	1	1	0
Q6P1J9	P35222	CDC73	CTNNB1	1	1	0	1	1	0
P98082	P37173	DAB2	TGFBR2	1	1	0	1	1	0
P98082	P36897	DAB2	TGFBR1	1	1	0	1	1	0
Q9NPB6	Q9HCE7	PARD6A	SMURF1	1	1	0	1	1	0
Q15653	P19838	NFKBIB	NFKB1	1	0	1	1	0	1
Q01113	P23458	IL9R	JAK1	1	1	0	1	1	0
O14640	Q5S007	DVL1	LRRK2	1	1	0	1	1	0
P24394	P31785	IL4R	IL2RG	1	1	0	1	1	0
O15169	P35222	AXIN1	CTNNB1	1	1	1	1	1	0
O43561	Q9UQC2	LAT	GAB2	1	0	0	0	0	0
P05113	Q01344	IL5	IL5RA	1	1	0	1	1	0
P12755	P84022	SKI	SMAD3	1	1	1	1	1	0
P12755	Q15796	SKI	SMAD2	1	1	1	1	1	0
P12755	Q13485	SKI	SMAD4	1	1	1	1	1	0
Q14623	Q9Y6C5	IHH	PTCH2	1	1	1	1	1	0
Q06330	Q9Y618	RBPJ	NCOR2	1	1	0	1	1	0
P78324	Q06124	SIRPA	PTPN11	1	1	1	0	0	0
P01106	P84022	MYC	SMAD3	1	1	1	1	1	0
P01106	Q15796	MYC	SMAD2	1	1	0	1	1	0
Q04721	Q06330	NOTCH2	RBPJ	1	1	0	1	1	0
O95405	P36897	ZFYVE9	TGFBR1	1	1	1	1	1	0
P52333	Q14289	JAK3	PTK2B	1	1	0	1	1	0
Q9Y297	P35222	BTRC	CTNNB1	1	1	1	1	1	0
P01112	P04049	HRAS	RAF1	1	1	0	1	1	0
Q9Y618	Q13573	NCOR2	SNW1	1	1	0	1	1	0
P08700	P26951	IL3	IL3RA	1	1	0	1	1	0
P04150	P10275	NR3C1	AR	1	1	1	1	1	0
P10275	P04150	AR	NR3C1	1	1	1	1	1	0
P13232	P16871	IL7	IL7R	1	1	0	1	1	0
Q8TAD8	Q13485	SNIP1	SMAD4	1	1	1	1	1	0
P04626	P29353	ERBB2	SHC1	1	1	0	1	1	0
Q9Y5K5	O15105	UCHL5	SMAD7	1	1	0	1	1	0
Q15466	P10275	NR0B2	AR	1	1	1	1	1	0
Q13573	Q06330	SNW1	RBPJ	1	1	0	1	1	0
Q08881	P15498	ITK	VAV1	1	0	0	0	0	0
P54826	Q15465	GAS1	SHH	1	1	1	0	0	0
Q99466	Q06330	NOTCH4	RBPJ	1	1	0	1	1	0
Q96JK9	Q99466	MAML3	NOTCH4	1	1	0	1	1	0
Q96JK9	Q9UM47	MAML3	NOTCH3	1	1	0	1	1	0
Q96JK9	Q04721	MAML3	NOTCH2	1	1	0	1	1	0
Q96JK9	P46531	MAML3	NOTCH1	1	1	0	1	1	0
P29353	Q13588	SHC1	GRAP	1	1	0	1	1	0
Q06124	P27986	PTPN11	PIK3R1	1	1	1	1	0	1
P49790	Q15796	NUP153	SMAD2	1	1	0	1	1	0
P49790	P84022	NUP153	SMAD3	1	1	0	1	1	0
Q13588	Q07889	GRAP	SOS1	1	1	0	1	1	0
O15105	P36897	SMAD7	TGFBR1	1	1	1	1	1	0
Q13480	Q06124	GAB1	PTPN11	1	1	1	0	0	0
P36897	Q9NPB6	TGFBR1	PARD6A	1	1	0	1	1	0
P78314	Q9UKW4	SH3BP2	VAV3	1	0	0	0	0	0
P01137	P37173	TGFB1	TGFBR2	1	1	0	1	1	0
O15524	O60674	SOCS1	JAK2	1	1	1	1	1	0
P00533	P16333	EGFR	NCK1	1	1	0	1	1	0
P22681	P43403	CBL	ZAP70	1	0	1	1	0	1
P43403	P22681	ZAP70	CBL	1	0	0	0	0	0
P15248	Q01113	IL9	IL9R	1	1	0	1	1	0
P43403	P46108	ZAP70	CRK	1	0	0	0	0	0
Q04721	O00548	NOTCH2	DLL1	1	1	0	0	0	0
Q13485	Q9UJU2	SMAD4	LEF1	1	1	0	1	1	0
P84022	Q9UJU2	SMAD3	LEF1	1	1	0	1	1	0
Q15796	Q9UJU2	SMAD2	LEF1	1	1	0	1	1	0
Q155Q3	O14640	DIXDC1	DVL1	1	1	0	1	1	0
O75197	O15169	LRP5	AXIN1	1	1	1	1	1	0
O75581	O15169	LRP6	AXIN1	1	1	1	1	1	0
Q9NR61	Q99466	DLL4	NOTCH4	1	1	0	1	1	0
Q13480	P19174	GAB1	PLCG1	1	1	0	1	1	0
Q92918	O43318	MAP4K1	MAP3K7	1	1	0	1	1	0
P40189	O60674	IL6ST	JAK2	1	1	0	1	1	0
P49407	O14641	ARRB1	DVL2	1	1	0	1	1	0
P01584	P14778	IL1B	IL1R1	1	1	0	1	1	0
P43403	Q13191	ZAP70	CBLB	1	0	0	0	0	0
P42679	P10721	MATK	KIT	1	1	0	1	1	0
Q13191	P27986	CBLB	PIK3R1	1	1	1	1	0	1
Q96PU5	O15105	NEDD4L	SMAD7	1	1	0	1	1	0
P15018	P42702	LIF	LIFR	1	1	0	1	1	0
P62877	Q13616	RBX1	CUL1	1	1	0	1	1	0
P35225	P78552	IL13	IL13RA1	1	1	0	1	1	0
P35225	Q14627	IL13	IL13RA2	1	1	0	1	1	0
P10747	P15498	CD28	VAV1	1	0	0	0	0	0
P15498	P19174	VAV1	PLCG1	1	1	0	1	1	0
P15498	Q13588	VAV1	GRAP	1	1	0	1	1	0
O43318	P52564	MAP3K7	MAP2K6	1	1	0	1	1	0
Q04759	O43318	PRKCQ	MAP3K7	1	1	0	1	1	0
P37173	Q9Y4K3	TGFBR2	TRAF6	1	1	0	1	1	0
P15498	P61586	VAV1	RHOA	1	1	0	1	1	0
P15498	P60953	VAV1	CDC42	1	1	0	1	1	0
Q99683	P45985	MAP3K5	MAP2K4	1	1	0	1	1	0
Q99683	O14733	MAP3K5	MAP2K7	1	1	0	1	1	0
Q99683	P52564	MAP3K5	MAP2K6	1	1	0	1	1	0
P30086	O43318	PEBP1	MAP3K7	1	1	0	1	1	0
Q9UL54	P52564	TAOK2	MAP2K6	1	1	0	1	1	0
Q9BY84	Q9UQF2	DUSP16	MAPK8IP1	1	1	0	1	1	0
P15498	P22681	VAV1	CBL	1	1	1	1	1	0
Q15759	Q8IW41	MAPK11	MAPKAPK5	1	1	0	1	1	0
P12643	Q13873	BMP2	BMPR2	1	1	0	1	1	0
P43026	Q13873	GDF5	BMPR2	1	1	0	1	1	0
Q13705	P36896	ACVR2B	ACVR1B	1	1	0	1	1	0
P46531	O15111	NOTCH1	CHUK	1	1	0	1	1	0
P48551	P23458	IFNAR2	JAK1	1	1	0	1	1	0
Q13651	P23458	IL10RA	JAK1	1	1	0	1	1	0
Q9HBE5	P23458	IL21R	JAK1	1	1	0	1	1	0
P29350	P43403	PTPN6	ZAP70	1	1	1	1	0	1
P07948	P27986	LYN	PIK3R1	1	1	0	1	1	0
P10826	P19793	RARB	RXRA	1	1	0	1	1	0
P19793	P10826	RXRA	RARB	1	1	0	0	0	0
P01236	P16471	PRL	PRLR	1	1	0	1	1	0
P01241	P16471	GH1	PRLR	1	1	0	1	1	0
P01241	P10912	GH1	GHR	1	1	0	1	1	0
P17181	P23458	IFNAR1	JAK1	1	1	0	1	1	0
P29597	P52630	TYK2	STAT2	1	1	0	1	1	0
P23458	P52630	JAK1	STAT2	1	1	0	1	1	0
P17181	P29597	IFNAR1	TYK2	1	1	0	0	0	0
P01579	P38484	IFNG	IFNGR2	1	1	0	1	1	0
P15260	P23458	IFNGR1	JAK1	1	1	0	0	0	0
P29597	P40763	TYK2	STAT3	1	1	0	1	1	0
Q969D9	Q9HC73	TSLP	CRLF2	1	1	0	1	1	0
P42224	Q00978	STAT1	IRF9	1	1	0	1	1	0
P52630	Q00978	STAT2	IRF9	1	1	0	1	1	0
P18031	P29597	PTPN1	TYK2	1	1	1	1	1	0
P27361	Q07889	MAPK3	SOS1	1	1	1	1	1	0
O60674	Q06124	JAK2	PTPN11	1	1	0	1	1	0
P01308	P08069	INS	IGF1R	1	1	0	1	1	0
P29459	P42701	IL12A	IL12RB1	1	1	0	1	1	0
Q13115	P28482	DUSP4	MAPK1	1	1	1	1	1	0
Q13115	P27361	DUSP4	MAPK3	1	1	1	1	1	0
Q15418	P01100	RPS6KA1	FOS	1	1	0	1	1	0
P45983	P19419	MAPK8	ELK1	1	1	0	1	1	0
P35568	O60674	IRS1	JAK2	1	1	0	1	1	0
P01562	P17181	IFNA13	IFNAR1	1	1	0	1	1	0
P01574	P17181	IFNB1	IFNAR1	1	1	0	1	1	0
P01562	P48551	IFNA13	IFNAR2	1	1	0	1	1	0
P01574	P48551	IFNB1	IFNAR2	1	1	0	1	1	0
P40933	Q13261	IL15	IL15RA	1	1	0	1	1	0
O43318	P46734	MAP3K7	MAP2K3	1	1	0	1	1	0
P23458	Q06124	JAK1	PTPN11	1	1	0	1	1	0
Q92918	Q16584	MAP4K1	MAP3K11	1	1	0	1	1	0
P27361	P28324	MAPK3	ELK4	1	1	0	1	1	0
Q13115	P45983	DUSP4	MAPK8	1	1	1	1	1	0
P56975	Q15303	NRG3	ERBB4	1	1	0	1	1	0
Q02297	Q15303	NRG1	ERBB4	1	1	0	1	1	0
Q92765	P04628	FRZB	WNT1	1	1	1	1	1	0
P27361	Q15797	MAPK3	SMAD1	1	1	1	1	1	0
O43541	Q15797	SMAD6	SMAD1	1	1	1	1	1	0
Q06413	P05412	MEF2C	JUN	1	1	0	1	1	0
Q13164	Q06413	MAPK7	MEF2C	1	1	0	1	1	0
P01111	P04049	NRAS	RAF1	1	1	0	1	1	0
P52333	P42224	JAK3	STAT1	1	1	0	1	1	0
P08069	O14654	IGF1R	IRS4	1	1	0	1	1	0
Q02779	O14733	MAP3K10	MAP2K7	1	1	0	1	1	0
Q15759	O75582	MAPK11	RPS6KA5	1	1	0	1	1	0
P28482	O75582	MAPK1	RPS6KA5	1	1	0	1	1	0
Q13485	P16220	SMAD4	CREB1	1	1	0	1	1	0
Q04771	Q15797	ACVR1	SMAD1	1	1	0	1	1	0
P37023	Q15797	ACVRL1	SMAD1	1	1	1	1	1	0
Q13164	Q02078	MAPK7	MEF2A	1	1	0	1	1	0
O00238	Q99717	BMPR1B	SMAD5	1	1	0	1	1	0
O00238	Q15797	BMPR1B	SMAD1	1	1	0	1	1	0
P27361	O75676	MAPK3	RPS6KA4	1	1	0	1	1	0
O43318	O14733	MAP3K7	MAP2K7	1	1	0	1	1	0
O15105	P84022	SMAD7	SMAD3	1	1	1	1	1	0
O43541	P84022	SMAD6	SMAD3	1	1	1	1	1	0
O15105	Q15796	SMAD7	SMAD2	1	1	1	1	1	0
O43541	Q15796	SMAD6	SMAD2	1	1	1	1	1	0
Q16828	P28482	DUSP6	MAPK1	1	1	1	1	1	0
P28562	P28482	DUSP1	MAPK1	1	1	1	1	1	0
Q13202	Q16539	DUSP8	MAPK14	1	1	1	1	1	0
Q16828	P27361	DUSP6	MAPK3	1	1	1	1	1	0
Q16539	Q16644	MAPK14	MAPKAPK3	1	1	0	1	1	0
Q13202	P45983	DUSP8	MAPK8	1	1	1	1	1	0
Q96QV1	Q15465	HHIP	SHH	1	1	1	0	0	0
Q9H1J5	O75084	WNT8A	FZD7	1	1	0	1	1	0
P28482	P84022	MAPK1	SMAD3	1	1	1	1	1	0
P27361	P84022	MAPK3	SMAD3	1	1	1	1	1	0
P28482	Q15796	MAPK1	SMAD2	1	1	1	1	1	0
P27361	Q15796	MAPK3	SMAD2	1	1	1	1	1	0
P42701	O60674	IL12RB1	JAK2	1	1	0	1	1	0
P15514	P00533	AREG	EGFR	1	1	0	1	1	0
Q99075	P00533	HBEGF	EGFR	1	1	0	1	1	0
Q8WWG1	Q15303	NRG4	ERBB4	1	1	0	1	1	0
O14672	Q04721	ADAM10	NOTCH2	1	1	0	1	1	0
P30086	P15056	PEBP1	BRAF	1	1	0	1	1	0
Q9UL54	P46734	TAOK2	MAP2K3	1	1	0	1	1	0
Q04771	Q99717	ACVR1	SMAD5	1	1	0	1	1	0
Q13145	P36894	BAMBI	BMPR1A	1	1	1	1	1	0
Q13145	P36897	BAMBI	TGFBR1	1	1	1	1	1	0
P01574	P29597	IFNB1	TYK2	1	1	0	1	1	0
O14543	O60674	SOCS3	JAK2	1	1	1	1	1	0
O43541	P36894	SMAD6	BMPR1A	1	1	0	1	1	0
O15105	P36894	SMAD7	BMPR1A	1	1	0	1	1	0
O43541	Q04771	SMAD6	ACVR1	1	1	0	1	1	0
O15105	Q04771	SMAD7	ACVR1	1	1	0	1	1	0
O14654	Q13588	IRS4	GRAP	1	1	0	1	1	0
Q9UPT6	Q16584	MAPK8IP3	MAP3K11	1	1	0	1	1	0
Q9UPT6	O14733	MAPK8IP3	MAP2K7	1	1	0	1	1	0
P18031	P35568	PTPN1	IRS1	1	1	1	1	1	0
Q99650	P40189	OSMR	IL6ST	1	1	0	1	1	0
P49841	O95996	GSK3B	APC2	1	1	0	1	1	0
Q9UQ13	P01116	SHOC2	KRAS	1	1	0	1	1	0
Q9HC73	O60674	CRLF2	JAK2	1	1	0	1	1	0
P01574	P23458	IFNB1	JAK1	1	1	0	1	1	0
Q13485	P01100	SMAD4	FOS	1	1	0	1	1	0
Q9NYJ7	P46531	DLL3	NOTCH1	1	1	0	1	1	0
P16871	Q9HC73	IL7R	CRLF2	1	1	0	1	1	0
O95996	O15169	APC2	AXIN1	1	1	0	1	1	0
P41221	Q9ULV1	WNT5A	FZD4	1	1	0	1	1	0
Q9NPF7	P42701	IL23A	IL12RB1	1	1	0	1	1	0
P08887	P40189	IL6R	IL6ST	1	1	0	1	1	0
O14733	P53779	MAP2K7	MAPK10	1	1	0	1	1	0
O14733	P45984	MAP2K7	MAPK9	1	1	0	1	1	0
P52564	P53778	MAP2K6	MAPK12	1	1	0	1	1	0
P45985	P53779	MAP2K4	MAPK10	1	1	0	1	1	0
P52564	Q16539	MAP2K6	MAPK14	1	1	0	1	1	0
P45985	P45984	MAP2K4	MAPK9	1	1	0	1	1	0
P46734	Q15759	MAP2K3	MAPK11	1	1	0	1	1	0
O95405	Q15796	ZFYVE9	SMAD2	1	1	0	1	1	0
P26441	O75462	CNTF	CRLF1	1	1	0	1	1	0
O14543	P42229	SOCS3	STAT5A	1	1	1	1	1	0
Q9Y2U5	Q02750	MAP3K2	MAP2K1	1	1	0	1	1	0
Q9UKB1	P84022	FBXW11	SMAD3	1	1	0	1	1	0
P36896	Q15796	ACVR1B	SMAD2	1	1	0	1	1	0
O15169	P84022	AXIN1	SMAD3	1	1	0	1	1	0
P51617	Q15750	IRAK1	TAB1	1	1	0	1	1	0
P51617	Q9NYJ8	IRAK1	TAB2	1	1	0	1	1	0
P08069	P35568	IGF1R	IRS1	1	1	0	1	1	0
O60674	P51692	JAK2	STAT5B	1	1	0	1	1	0
Q9NSE2	P42229	CISH	STAT5A	1	1	1	1	1	0
O14543	P16471	SOCS3	PRLR	1	1	1	1	1	0
Q9NSE2	P16471	CISH	PRLR	1	1	1	1	1	0
Q9NR61	P46531	DLL4	NOTCH1	1	1	0	1	1	0
O15169	P48730	AXIN1	CSNK1D	1	1	0	0	0	0
Q9NYL2	O14733	MAP3K20	MAP2K7	1	1	0	1	1	0
P17706	P23458	PTPN2	JAK1	1	1	1	1	0	1
P35568	O14654	IRS1	IRS4	1	1	0	1	1	0
Q9Y2T1	P35222	AXIN2	CTNNB1	1	1	1	0	0	0
P35568	P48736	IRS1	PIK3CG	1	1	0	1	1	0
P31749	P23443	AKT1	RPS6KB1	1	1	0	1	1	0
P60484	O15530	PTEN	PDPK1	1	1	0	1	1	0
Q13153	P04049	PAK1	RAF1	1	1	0	1	1	0
P98164	Q15465	LRP2	SHH	1	1	0	0	0	0
P08575	P52333	PTPRC	JAK3	1	1	1	1	1	0
O15105	P37023	SMAD7	ACVRL1	1	1	1	1	1	0
Q5VWK5	O60674	IL23R	JAK2	1	1	0	1	1	0
Q9NPF7	Q5VWK5	IL23A	IL23R	1	1	0	1	1	0
Q13387	Q16539	MAPK8IP2	MAPK14	1	1	0	1	1	0
Q92542	P49768	NCSTN	PSEN1	1	1	0	1	1	0
P15260	O60674	IFNGR1	JAK2	1	1	0	1	1	0
P48551	P29597	IFNAR2	TYK2	1	1	0	1	1	0
Q13233	P27361	MAP3K1	MAPK3	1	1	0	1	1	0
P51452	P28482	DUSP3	MAPK1	1	1	1	1	1	0
P51452	Q16539	DUSP3	MAPK14	1	1	1	1	1	0
P51452	P45983	DUSP3	MAPK8	1	1	1	1	1	0
P35222	Q99697	CTNNB1	PITX2	1	1	0	1	1	0
Q86YT6	P78504	MIB1	JAG1	1	1	0	1	1	0
P04626	P21860	ERBB2	ERBB3	1	1	0	1	1	0
O14672	Q9UM47	ADAM10	NOTCH3	1	1	0	1	1	0
Q13322	P46934	GRB10	NEDD4	1	1	0	1	1	0
P46934	P08069	NEDD4	IGF1R	1	1	1	1	1	0
Q9H2X6	P12755	HIPK2	SKI	1	1	0	1	1	0
Q9UHF4	P29597	IL20RA	TYK2	1	1	0	1	1	0
Q8N6P7	P29597	IL22RA1	TYK2	1	1	0	1	1	0
Q9UHF4	P23458	IL20RA	JAK1	1	1	0	1	1	0
Q8N6P7	P23458	IL22RA1	JAK1	1	1	0	1	1	0
Q13651	P29597	IL10RA	TYK2	1	1	0	0	0	0
Q15797	Q13485	SMAD1	SMAD4	1	1	0	1	1	0
P29350	O15524	PTPN6	SOCS1	1	1	0	1	1	0
Q96F81	Q15465	DISP1	SHH	1	1	0	1	1	0
P36897	P37023	TGFBR1	ACVRL1	1	1	0	1	1	0
O60674	P42224	JAK2	STAT1	1	1	0	1	1	0
P48736	P63000	PIK3CG	RAC1	1	1	0	1	1	0
P84022	Q06413	SMAD3	MEF2C	1	1	0	1	1	0
P38484	P23458	IFNGR2	JAK1	1	1	0	1	1	0
P16220	P98177	CREB1	FOXO4	1	1	1	1	1	0
Q92542	Q96BI3	NCSTN	APH1A	1	1	0	1	1	0
Q96JA1	P22681	LRIG1	CBL	1	1	0	1	1	0
P00533	Q96JA1	EGFR	LRIG1	1	1	0	1	1	0
P60510	O14654	PPP4C	IRS4	1	1	0	1	1	0
P29590	O95405	PML	ZFYVE9	1	1	0	1	1	0
P29590	P84022	PML	SMAD3	1	1	0	1	1	0
P29590	Q15796	PML	SMAD2	1	1	0	1	1	0
P49407	P27361	ARRB1	MAPK3	1	1	0	0	0	0
Q9UMX1	Q9BZE0	SUFU	GLIS2	1	1	1	1	1	0
Q01974	O00238	ROR2	BMPR1B	1	1	0	1	1	0
P35222	O15105	CTNNB1	SMAD7	1	1	0	1	1	0
O60674	P42229	JAK2	STAT5A	1	1	0	1	1	0
P49841	Q99835	GSK3B	SMO	1	1	1	1	1	0
P18031	O60674	PTPN1	JAK2	1	1	1	1	1	0
P18031	P40763	PTPN1	STAT3	1	1	1	1	1	0
P29350	O60674	PTPN6	JAK2	1	1	1	1	1	0
Q96JA1	P21860	LRIG1	ERBB3	1	1	1	1	1	0
Q96JA1	P04626	LRIG1	ERBB2	1	1	1	1	1	0
Q96JA1	Q15303	LRIG1	ERBB4	1	1	1	1	1	0
P42702	P40189	LIFR	IL6ST	1	1	0	1	1	0
Q6EBC2	Q99650	IL31	OSMR	1	1	0	1	1	0
P13725	Q99650	OSM	OSMR	1	1	0	1	1	0
Q9Y618	Q13363	NCOR2	CTBP1	1	1	0	1	1	0
P38484	O60674	IFNGR2	JAK2	1	1	0	1	1	0
Q15750	Q16539	TAB1	MAPK14	1	1	0	0	0	0
Q9HBE4	Q9HBE5	IL21	IL21R	1	1	0	1	1	0
Q13705	P36894	ACVR2B	BMPR1A	1	1	0	1	1	0
P03971	Q16671	AMH	AMHR2	1	1	0	1	1	0
Q13705	Q04771	ACVR2B	ACVR1	1	1	0	1	1	0
Q13873	Q04771	BMPR2	ACVR1	1	1	0	1	1	0
Q13705	O00238	ACVR2B	BMPR1B	1	1	0	1	1	0
Q13873	O00238	BMPR2	BMPR1B	1	1	0	1	1	0
P08476	Q13705	INHBA	ACVR2B	1	1	0	1	1	0
P18075	Q13705	BMP7	ACVR2B	1	1	0	1	1	0
P22004	Q13705	BMP6	ACVR2B	1	1	0	1	1	0
P12643	Q13705	BMP2	ACVR2B	1	1	0	1	1	0
Q13705	P37023	ACVR2B	ACVRL1	1	1	0	1	1	0
P18075	Q13873	BMP7	BMPR2	1	1	0	1	1	0
P22004	Q13873	BMP6	BMPR2	1	1	0	1	1	0
Q6KF10	Q13873	GDF6	BMPR2	1	1	0	1	1	0
P12644	Q13873	BMP4	BMPR2	1	1	0	1	1	0
Q6IN85	P60510	PPP4R3A	PPP4C	1	1	0	1	1	0
Q9Y297	Q9BZE0	BTRC	GLIS2	1	1	0	1	1	0
Q9Y297	P10071	BTRC	GLI3	1	1	1	1	1	0
Q13164	Q15418	MAPK7	RPS6KA1	1	1	0	1	1	0
Q9BWV1	Q15465	BOC	SHH	1	1	0	0	0	0
Q16878	Q15465	CDO1	SHH	1	1	0	1	1	0
P28482	P46734	MAPK1	MAP2K3	1	1	0	1	1	0
P35813	P84022	PPM1A	SMAD3	1	1	1	1	1	0
P16220	P84022	CREB1	SMAD3	1	1	0	1	1	0
P35813	Q15797	PPM1A	SMAD1	1	1	1	1	1	0
O14654	P48736	IRS4	PIK3CG	1	1	0	1	1	0
Q96EB6	O15105	SIRT1	SMAD7	1	1	1	1	1	0
Q9NYY1	Q8N6P7	IL20	IL22RA1	1	1	0	1	1	0
Q13007	Q8N6P7	IL24	IL22RA1	1	1	0	1	1	0
Q9NPH9	Q9UHF4	IL26	IL20RA	1	1	0	1	1	0
Q9GZX6	Q9UHF4	IL22	IL20RA	1	1	0	1	1	0
Q9UHD0	Q9UHF4	IL19	IL20RA	1	1	0	1	1	0
Q9NYY1	Q9UHF4	IL20	IL20RA	1	1	0	1	1	0
Q13007	Q9UHF4	IL24	IL20RA	1	1	0	1	1	0
P46934	P60484	NEDD4	PTEN	1	1	1	1	1	0
Q8NEV9	Q6UWB1	IL27	IL27RA	1	1	0	1	1	0
P27361	P42229	MAPK3	STAT5A	1	1	0	1	1	0
P01116	P15056	KRAS	BRAF	1	1	0	1	1	0
P01112	P15056	HRAS	BRAF	1	1	0	1	1	0
P49841	P84022	GSK3B	SMAD3	1	1	1	1	1	0
P27361	P01106	MAPK3	MYC	1	1	0	1	1	0
P51654	Q15465	GPC3	SHH	1	1	0	1	1	0
Q13361	P46531	MFAP5	NOTCH1	1	1	1	1	1	0
P46531	Q06413	NOTCH1	MEF2C	1	1	0	1	1	0
O75553	P46531	DAB1	NOTCH1	1	1	0	1	1	0
P46531	Q16665	NOTCH1	HIF1A	1	1	0	1	1	0
Q16619	P40189	CTF1	IL6ST	1	1	0	1	1	0
Q8NI17	O60674	IL31RA	JAK2	1	1	0	1	1	0
O15524	P15260	SOCS1	IFNGR1	1	1	1	1	1	0
Q06124	P42224	PTPN11	STAT1	1	1	1	1	1	0
P67775	P84022	PPP2CA	SMAD3	1	1	1	1	1	1
P67775	Q15796	PPP2CA	SMAD2	1	1	0	1	1	0
Q9NYA4	Q15796	MTMR4	SMAD2	1	1	1	1	1	0
Q9NYA4	P84022	MTMR4	SMAD3	1	1	1	1	1	0
Q12891	Q13485	HYAL2	SMAD4	1	1	0	1	1	0
Q9NZC7	Q13485	WWOX	SMAD4	1	1	0	1	1	0
Q5SW24	P36897	DACT2	TGFBR1	1	1	1	1	1	0
P36897	Q13347	TGFBR1	EIF3I	1	1	0	1	1	0
P12931	P37173	SRC	TGFBR2	1	1	0	0	0	0
P36897	P60953	TGFBR1	CDC42	1	1	0	1	1	0
P57059	O15105	SIK1	SMAD7	1	1	0	1	1	0
P49840	P49815	GSK3A	TSC2	1	1	0	1	1	0
Q5SW24	O14641	DACT2	DVL2	1	1	0	1	1	0
Q9Y2G4	O14641	ANKRD6	DVL2	1	1	0	1	1	0
O14640	Q8TCG2	DVL1	PI4K2B	1	1	0	1	1	0
O14641	Q8TCG2	DVL2	PI4K2B	1	1	0	1	1	0
P31749	P35222	AKT1	CTNNB1	1	1	0	1	1	0
P45984	P35222	MAPK9	CTNNB1	1	1	0	1	1	0
P09619	P16234	PDGFRB	PDGFRA	1	1	0	1	1	0
P22681	P16234	CBL	PDGFRA	1	1	1	1	1	0
Q03135	P16234	CAV1	PDGFRA	1	1	0	1	1	0
Q9NRA1	P16234	PDGFC	PDGFRA	1	1	0	1	1	0
Q9NRA1	P09619	PDGFC	PDGFRB	1	1	0	1	1	0
P09619	P29353	PDGFRB	SHC1	1	1	0	1	1	0
P04085	P16234	PDGFA	PDGFRA	1	1	0	1	1	0
P01127	P16234	PDGFB	PDGFRA	1	1	0	1	1	0
P05230	P11362	FGF1	FGFR1	1	1	0	1	1	0
P05230	P21802	FGF1	FGFR2	1	1	0	1	1	0
P09038	P21802	FGF2	FGFR2	1	1	0	1	1	0
P11487	P21802	FGF3	FGFR2	1	1	0	1	1	0
P08620	P21802	FGF4	FGFR2	1	1	0	1	1	0
P21781	P21802	FGF7	FGFR2	1	1	0	1	1	0
P55075	P21802	FGF8	FGFR2	1	1	0	1	1	0
P31371	O15520	FGF9	FGF10	1	1	0	1	1	0
O15520	P21802	FGF10	FGFR2	1	1	0	1	1	0
P17948	P19174	FLT1	PLCG1	1	1	0	1	1	0
P49765	P17948	VEGFB	FLT1	1	1	0	1	1	0
P04629	Q8WU20	NTRK1	FRS2	1	1	0	1	1	0
P04629	P19174	NTRK1	PLCG1	1	1	0	1	1	0
P20827	P21709	EFNA1	EPHA1	1	1	0	1	1	0
O43921	P29317	EFNA2	EPHA2	1	1	0	1	1	0
P52803	P54756	EFNA5	EPHA5	1	1	0	1	1	0
Q15768	P54753	EFNB3	EPHB3	1	1	0	1	1	0
P20827	Q9UF33	EFNA1	EPHA6	1	1	0	1	1	0
O43921	Q9UF33	EFNA2	EPHA6	1	1	0	1	1	0
P52797	Q9UF33	EFNA3	EPHA6	1	1	0	1	1	0
P52798	Q9UF33	EFNA4	EPHA6	1	1	0	1	1	0
P52803	Q9UF33	EFNA5	EPHA6	1	1	0	1	1	0
P52803	Q15375	EFNA5	EPHA7	1	1	0	1	1	0
P20827	P29322	EFNA1	EPHA8	1	1	0	1	1	0
P20827	P54764	EFNA1	EPHA4	1	1	0	1	1	0
P52803	P54764	EFNA5	EPHA4	1	1	0	1	1	0
P20827	P29317	EFNA1	EPHA2	1	1	0	1	1	0
P20827	P29320	EFNA1	EPHA3	1	1	0	1	1	0
P52803	P29320	EFNA5	EPHA3	1	1	0	1	1	0
P20827	P54756	EFNA1	EPHA5	1	1	0	1	1	0
P52799	P54760	EFNB2	EPHB4	1	1	0	1	1	0
P29320	P46108	EPHA3	CRK	1	1	0	1	1	0
P54764	Q8N5V2	EPHA4	NGEF	1	1	0	1	1	0
P29376	P35568	LTK	IRS1	1	1	0	1	1	0
P29376	P48736	LTK	PIK3CG	1	1	0	1	1	0
P29376	P22681	LTK	CBL	1	1	0	1	1	0
O15123	Q02763	ANGPT2	TEK	1	1	0	1	1	0
Q15389	Q02763	ANGPT1	TEK	1	1	0	1	1	0
Q9Y264	Q02763	ANGPT4	TEK	1	1	0	1	1	0
Q02763	Q8NFZ5	TEK	TNIP2	1	1	0	1	1	0
O00468	O15146	AGRN	MUSK	1	1	0	1	1	0
Q18PE1	O15146	DOK7	MUSK	1	1	0	1	1	0
Q15078	Q8IWU2	CDK5R1	LMTK2	1	1	1	1	1	0
Q14393	P30530	GAS6	AXL	1	1	0	1	1	0
Q14393	Q12866	GAS6	MERTK	1	1	0	1	1	0
Q06418	P27986	TYRO3	PIK3R1	1	1	0	1	1	0
P07949	Q6PKX4	RET	DOK6	1	1	0	1	1	0
P39905	P07949	GDNF	RET	1	1	0	1	1	0
P00519	P42345	ABL1	MTOR	1	1	1	1	1	0
Q13882	Q9UGK3	PTK6	STAP2	1	1	0	1	1	0
P08069	P20936	IGF1R	RASA1	1	1	0	1	1	0
P11362	Q8WU20	FGFR1	FRS2	1	1	1	1	0	1
O43639	Q05397	NCK2	PTK2	1	1	0	1	1	0
P21860	P27986	ERBB3	PIK3R1	1	1	0	1	1	0
P10586	P35568	PTPRF	IRS1	1	1	1	1	1	0
P03372	P05019	ESR1	IGF1	1	1	0	0	0	0
P00533	P03372	EGFR	ESR1	1	1	0	1	1	0
P51843	P03372	NR0B1	ESR1	1	1	1	1	1	0
P10276	P19793	RARA	RXRA	1	1	0	1	1	0
P19793	P10276	RXRA	RARA	1	1	0	0	0	0
P10276	P28702	RARA	RXRB	1	1	0	0	0	0
P28702	P10276	RXRB	RARA	1	1	0	1	1	0
P13631	P19793	RARG	RXRA	1	1	0	0	0	0
P19793	P13631	RXRA	RARG	1	1	1	1	1	0
P13631	P28702	RARG	RXRB	1	1	0	1	1	0
P28702	P13631	RXRB	RARG	1	1	0	1	1	0
P19793	Q07869	RXRA	PPARA	1	1	0	1	1	0
Q07869	P19793	PPARA	RXRA	1	1	0	0	0	0
P19793	P37231	RXRA	PPARG	1	1	0	1	1	0
P37231	P19793	PPARG	RXRA	1	1	0	0	0	0
P19793	Q13133	RXRA	NR1H3	1	1	0	1	1	0
Q13133	P19793	NR1H3	RXRA	1	1	0	0	0	0
P28702	P37231	RXRB	PPARG	1	1	0	1	1	0
P37231	P28702	PPARG	RXRB	1	1	0	0	0	0
P19793	P24468	RXRA	NR2F2	1	1	0	0	0	0
P24468	P19793	NR2F2	RXRA	1	1	0	1	1	0
P03372	Q15466	ESR1	NR0B2	1	1	0	0	0	0
Q15466	P03372	NR0B2	ESR1	1	1	1	1	1	0
P03372	P10275	ESR1	AR	1	1	0	0	0	0
P10275	P03372	AR	ESR1	1	1	0	1	1	0
P51843	Q13285	NR0B1	NR5A1	1	1	1	1	1	0
Q13285	P51843	NR5A1	NR0B1	1	1	0	0	0	0
P51843	P10275	NR0B1	AR	1	1	1	1	1	0
P10276	Q92731	RARA	ESR2	1	1	0	1	1	0
Q92731	P10276	ESR2	RARA	1	1	0	1	1	0
P55055	Q07869	NR1H2	PPARA	1	1	0	1	1	0
Q07869	P55055	PPARA	NR1H2	1	1	0	1	1	0
P37231	P55055	PPARG	NR1H2	1	1	0	1	1	0
P55055	P37231	NR1H2	PPARG	1	1	0	1	1	0
Q07869	Q13133	PPARA	NR1H3	1	1	1	0	0	0
Q13133	Q07869	NR1H3	PPARA	1	1	0	1	1	0
P37231	Q13133	PPARG	NR1H3	1	1	0	1	1	0
Q13133	P37231	NR1H3	PPARG	1	1	0	0	0	0
P03372	P37231	ESR1	PPARG	1	1	0	1	1	0
P19793	P55055	RXRA	NR1H2	1	1	0	0	0	0
P55055	P19793	NR1H2	RXRA	1	1	0	1	1	0
P37231	P48443	PPARG	RXRG	1	1	0	1	1	0
P48443	P37231	RXRG	PPARG	1	1	0	0	0	0
P03372	P19793	ESR1	RXRA	1	1	0	1	1	0
P19793	P03372	RXRA	ESR1	1	1	0	1	1	0
P03372	Q92731	ESR1	ESR2	1	1	0	1	1	0
Q92731	P03372	ESR2	ESR1	1	1	1	0	0	0
P10275	P19793	AR	RXRA	1	1	0	1	1	0
P19793	P10275	RXRA	AR	1	1	0	1	1	0
P10275	Q13285	AR	NR5A1	1	1	0	1	1	0
P22736	P24468	NR4A1	NR2F2	1	1	0	1	1	0
P43354	Q92570	NR4A2	NR4A3	1	1	0	1	1	0
Q92570	P43354	NR4A3	NR4A2	1	1	0	1	1	0
P10276	P35222	RARA	CTNNB1	1	1	1	1	1	0
P11473	P35222	VDR	CTNNB1	1	1	0	1	1	0
Q15596	P19793	NCOA2	RXRA	1	1	0	1	1	0
P48357	P40763	LEPR	STAT3	1	1	0	1	1	0
Q13882	P40763	PTK6	STAT3	1	1	0	1	1	0
Q9BZR9	Q9Y6X2	TRIM8	PIAS3	1	0	1	1	0	1
Q9NPH9	Q08334	IL26	IL10RB	1	1	0	1	1	0
O60674	P42226	JAK2	STAT6	1	1	0	1	1	0
Q92905	P29597	COPS5	TYK2	1	1	0	1	1	0
P18031	P63151	PTPN1	PPP2R2A	1	1	0	1	1	0
Q96EB6	P42229	SIRT1	STAT5A	1	0	1	1	0	1
P09619	P16591	PDGFRB	FER	1	1	0	1	1	0
Q16512	O75084	PKN1	FZD7	1	1	0	1	1	0
Q00604	O75197	NDP	LRP5	1	1	0	1	1	0
Q9HCE7	O15169	SMURF1	AXIN1	1	0	1	1	0	1
P13385	O75197	TDGF1	LRP5	1	1	0	1	1	0
P13385	O75581	TDGF1	LRP6	1	1	0	1	1	0
Q92765	P41221	FRZB	WNT5A	1	0	1	1	0	1
P57105	Q9NR61	SYNJ2BP	DLL4	1	1	0	1	1	0
Q99873	O43541	PRMT1	SMAD6	1	0	1	1	0	1
Q99873	Q13873	PRMT1	BMPR2	1	1	0	1	1	0
Q9C0C9	O43541	UBE2O	SMAD6	1	0	1	1	0	1
P31749	Q13107	AKT1	USP4	1	1	0	1	1	0
Q13107	P36897	USP4	TGFBR1	1	1	0	1	1	0
Q9NVW2	O15105	RLIM	SMAD7	1	0	1	1	0	1
Q9HAU4	P36897	SMURF2	TGFBR1	1	1	1	1	1	0
O95218	Q15797	ZRANB2	SMAD1	1	0	1	1	0	1
O43294	Q15797	TGFB1I1	SMAD1	1	0	1	1	0	1
O43294	Q99717	TGFB1I1	SMAD5	1	0	1	1	0	1
O43294	O15105	TGFB1I1	SMAD7	1	0	1	1	0	1
Q92859	P12643	NEO1	BMP2	1	0	1	1	0	1
Q92859	P12644	NEO1	BMP4	1	0	1	1	0	1
Q99835	P57679	SMO	EVC	1	1	0	1	1	0
Q99835	Q86UK5	SMO	EVC2	1	1	0	1	1	0
Q9ULC3	Q9UMX1	RAB23	SUFU	1	1	0	1	1	0
P17612	Q9UMX1	PRKACA	SUFU	1	1	0	1	1	0
Q15466	Q96EB6	NR0B2	SIRT1	1	1	0	1	1	0
Q96EB6	O00482	SIRT1	NR5A2	1	0	1	1	0	1
Q15466	Q9UBC0	NR0B2	ONECUT1	1	0	1	1	0	1
Q93009	P37231	USP7	PPARG	1	1	0	1	1	0
P24468	Q92786	NR2F2	PROX1	1	1	0	1	1	0
Q06830	P28562	PRDX1	DUSP1	1	1	0	1	1	0
Q96KB5	P28562	PBK	DUSP1	1	1	0	1	1	0
P15941	P45983	MUC1	MAPK8	1	1	0	1	1	0
P45983	P23443	MAPK8	RPS6KB1	1	1	0	1	1	0
Q16539	P16220	MAPK14	CREB1	1	1	1	1	0	1
Q16539	P05093	MAPK14	CYP17A1	1	1	0	1	1	0
P41240	P36888	CSK	FLT3	1	1	0	1	1	0
P41240	P10721	CSK	KIT	1	1	0	1	1	0
O43819	Q99683	SCO2	MAP3K5	1	1	0	1	1	0
Q13233	P26651	MAP3K1	ZFP36	1	1	0	1	1	0
Q12933	P26651	TRAF2	ZFP36	1	1	0	1	1	0
Q15121	P27361	PEA15	MAPK3	1	1	0	1	1	0
Q08334	Q8IU57	IL10RB	IFNLR1	1	1	1	1	1	1
Q9HAU4	Q15796	SMURF2	SMAD2	1	1	1	1	1	0
P49407	Q00987	ARRB1	MDM2	1	1	1	1	1	1
Q16539	P61244	MAPK14	MAX	1	1	1	1	1	0
Q99062	P23458	CSF3R	JAK1	1	1	0	1	1	0
Q12851	Q13233	MAP4K2	MAP3K1	1	1	0	1	1	0
P06241	P29353	FYN	SHC1	1	1	0	1	1	0
P40238	O60674	MPL	JAK2	1	1	0	1	1	0
P40225	P40238	THPO	MPL	1	1	0	1	1	0
P40238	P29597	MPL	TYK2	1	1	0	1	1	0
Q13588	P48736	GRAP	PIK3CG	1	1	0	1	1	0
P15514	P04626	AREG	ERBB2	1	1	0	1	1	0
P26441	P26992	CNTF	CNTFR	1	1	0	1	1	0
P49841	P05412	GSK3B	JUN	1	1	1	1	0	1
P27361	P17542	MAPK3	TAL1	1	1	1	1	1	0
P78552	O60674	IL13RA1	JAK2	1	1	0	1	1	0
P78552	P29597	IL13RA1	TYK2	1	1	0	1	1	0
Q05923	P28482	DUSP2	MAPK1	1	1	1	1	1	0
Q05923	Q16539	DUSP2	MAPK14	1	1	1	1	1	0
Q12852	P45985	MAP3K12	MAP2K4	1	1	0	1	1	0
P00533	Q13588	EGFR	GRAP	1	1	0	1	1	0
P01116	Q13233	KRAS	MAP3K1	1	1	0	1	1	0
Q16584	P45985	MAP3K11	MAP2K4	1	1	0	1	1	0
P00533	P98077	EGFR	SHC2	1	1	0	1	1	0
P00533	Q92529	EGFR	SHC3	1	1	0	1	1	0
Q06124	P52333	PTPN11	JAK3	1	1	0	1	1	0
O95819	Q13233	MAP4K4	MAP3K1	1	1	0	1	1	0
P78552	P24394	IL13RA1	IL4R	1	1	0	1	1	0
Q92918	Q13233	MAP4K1	MAP3K1	1	1	0	1	1	0
Q16584	P46734	MAP3K11	MAP2K3	1	1	0	1	1	0
Q16584	P52564	MAP3K11	MAP2K6	1	1	0	1	1	0
P21333	P45985	FLNA	MAP2K4	1	1	0	1	1	0
Q99062	P29597	CSF3R	TYK2	1	1	0	1	1	0
P28562	P45983	DUSP1	MAPK8	1	1	1	1	1	0
P15509	O60674	CSF2RA	JAK2	1	1	0	1	1	0
P27361	Q9HBH9	MAPK3	MKNK2	1	1	0	1	1	0
P27361	Q9BUB5	MAPK3	MKNK1	1	1	0	1	1	0
O14511	P21860	NRG2	ERBB3	1	1	0	1	1	0
O14511	Q15303	NRG2	ERBB4	1	1	0	1	1	0
Q13043	P45985	STK4	MAP2K4	1	1	0	1	1	0
Q02779	P45985	MAP3K10	MAP2K4	1	1	0	1	1	0
P41159	P48357	LEP	LEPR	1	1	0	1	1	0
Q02297	P21860	NRG1	ERBB3	1	1	0	1	1	0
P35222	P15884	CTNNB1	TCF4	1	1	0	1	1	0
Q92765	Q9H1J5	FRZB	WNT8A	1	1	1	1	1	0
Q9Y4K4	Q13233	MAP4K5	MAP3K1	1	1	0	1	1	0
Q01113	P52333	IL9R	JAK3	1	1	0	1	1	0
P36896	P84022	ACVR1B	SMAD3	1	1	0	1	1	0
P23458	P29353	JAK1	SHC1	1	1	0	1	1	0
Q15796	P16220	SMAD2	CREB1	1	1	0	1	1	0
P04626	Q13588	ERBB2	GRAP	1	1	0	1	1	0
Q9UHA4	P27361	LAMTOR3	MAPK3	1	1	0	1	1	0
Q9UJU2	Q04724	LEF1	TLE1	1	1	0	1	1	0
P56975	P00533	NRG3	EGFR	1	1	0	1	1	0
Q9UKB1	P35222	FBXW11	CTNNB1	1	1	1	1	0	1
Q7L7X3	P46734	TAOK1	MAP2K3	1	1	0	1	1	0
Q16539	O75676	MAPK14	RPS6KA4	1	1	0	1	1	0
P60953	Q13177	CDC42	PAK2	1	1	0	1	1	0
P60953	Q16584	CDC42	MAP3K11	1	1	0	1	1	0
O60674	Q10586	JAK2	DBP	1	1	0	1	1	0
P23458	Q10586	JAK1	DBP	1	1	0	1	1	0
P52333	Q10586	JAK3	DBP	1	1	0	1	1	0
Q9UQF2	Q02779	MAPK8IP1	MAP3K10	1	1	0	1	1	0
Q9UQF2	Q12852	MAPK8IP1	MAP3K12	1	1	1	1	1	0
Q9UQF2	O14733	MAPK8IP1	MAP2K7	1	1	0	1	1	0
Q9UQF2	Q92918	MAPK8IP1	MAP4K1	1	1	0	1	1	0
P29597	P42229	TYK2	STAT5A	1	1	0	1	1	0
O95819	O43318	MAP4K4	MAP3K7	1	1	0	1	1	0
Q8NER5	P84022	ACVR1C	SMAD3	1	1	0	1	1	0
Q8NER5	Q15796	ACVR1C	SMAD2	1	1	0	1	1	0
Q99956	P28482	DUSP9	MAPK1	1	1	1	1	1	0
P17612	P04049	PRKACA	RAF1	1	1	1	1	1	0
P17252	P01116	PRKCA	KRAS	1	1	0	1	1	0
P28562	P27361	DUSP1	MAPK3	1	1	1	1	1	0
Q99956	P27361	DUSP9	MAPK3	1	1	1	1	1	0
P28482	Q07889	MAPK1	SOS1	1	1	1	1	1	0
P01116	Q9Y4K4	KRAS	MAP4K5	1	1	0	1	1	0
Q96QV1	O43323	HHIP	DHH	1	1	1	0	0	0
Q96QV1	Q14623	HHIP	IHH	1	1	1	0	0	0
Q13233	Q15796	MAP3K1	SMAD2	1	1	0	1	1	0
Q9H1J5	Q9H461	WNT8A	FZD8	1	1	0	1	1	0
Q96EB6	P98177	SIRT1	FOXO4	1	1	0	1	1	0
Q9Y5W5	Q9H1J5	WIF1	WNT8A	1	1	1	1	1	0
P35070	P00533	BTC	EGFR	1	1	0	1	1	0
P35070	Q15303	BTC	ERBB4	1	1	0	1	1	0
Q99075	Q15303	HBEGF	ERBB4	1	1	0	1	1	0
Q16690	P28482	DUSP5	MAPK1	1	1	1	1	0	1
Q9HCE7	P84022	SMURF1	SMAD3	1	1	0	1	1	0
Q9HCE7	Q15796	SMURF1	SMAD2	1	1	0	1	1	0
P08069	Q9Y4H2	IGF1R	IRS2	1	1	0	1	1	0
Q13485	P18846	SMAD4	ATF1	1	1	0	1	1	0
P30086	Q02750	PEBP1	MAP2K1	1	1	0	1	1	0
P10912	P29597	GHR	TYK2	1	1	0	1	1	0
P10912	P23458	GHR	JAK1	1	1	0	1	1	0
P34820	P36894	BMP8B	BMPR1A	1	1	0	1	1	0
P34820	Q04771	BMP8B	ACVR1	1	1	0	1	1	0
Q13145	O00238	BAMBI	BMPR1B	1	1	0	1	1	0
Q13145	P37023	BAMBI	ACVRL1	1	1	0	1	1	0
Q9UPT6	P45985	MAPK8IP3	MAP2K4	1	1	0	1	1	0
Q9UPT6	Q13233	MAPK8IP3	MAP3K1	1	1	0	1	1	0
Q9Y2E6	Q9UM47	DTX4	NOTCH3	1	1	0	1	1	0
Q92997	Q9HCP0	DVL3	CSNK1G1	1	1	0	1	1	0
O43541	O00238	SMAD6	BMPR1B	1	1	0	1	1	0
O15105	O00238	SMAD7	BMPR1B	1	1	0	1	1	0
P09603	P15509	CSF1	CSF2RA	1	1	0	1	1	0
P09919	P15509	CSF3	CSF2RA	1	1	0	1	1	0
Q99650	O60674	OSMR	JAK2	1	1	0	1	1	0
P60484	Q9Y243	PTEN	AKT3	1	1	1	1	1	0
Q13588	P18031	GRAP	PTPN1	1	1	0	1	1	0
Q9UL54	P45985	TAOK2	MAP2K4	1	1	0	1	1	0
Q9UL54	O14733	TAOK2	MAP2K7	1	1	0	1	1	0
P41279	Q13163	MAP3K8	MAP2K5	1	1	0	1	1	0
Q13177	P04049	PAK2	RAF1	1	1	0	1	1	0
P60484	P63000	PTEN	RAC1	1	1	0	1	1	0
Q13387	P45983	MAPK8IP2	MAPK8	1	1	0	1	1	0
P16220	P35222	CREB1	CTNNB1	1	1	0	1	1	0
Q9NS73	Q12852	MBIP	MAP3K12	1	1	0	1	1	0
P35568	P29353	IRS1	SHC1	1	1	0	1	1	0
Q07889	P01112	SOS1	HRAS	1	1	0	1	1	0
P40189	P29597	IL6ST	TYK2	1	1	0	1	1	0
Q9HAU4	Q15797	SMURF2	SMAD1	1	1	1	1	1	0
Q9NYL2	Q13163	MAP3K20	MAP2K5	1	1	0	1	1	0
P45983	P41970	MAPK8	ELK3	1	1	1	1	1	0
P27361	P41970	MAPK3	ELK3	1	1	0	1	1	0
Q16539	P41970	MAPK14	ELK3	1	1	0	1	1	0
Q92830	P84022	KAT2A	SMAD3	1	1	0	1	1	0
Q92830	Q15796	KAT2A	SMAD2	1	1	0	1	1	0
O14980	Q13485	XPO1	SMAD4	1	1	1	1	1	0
O00744	Q13467	WNT10B	FZD5	1	1	0	1	1	0
O14964	O95405	HGS	ZFYVE9	1	1	0	1	1	0
O14964	Q15796	HGS	SMAD2	1	1	0	1	1	0
Q16873	Q04721	LTC4S	NOTCH2	1	1	0	1	1	0
Q16873	Q9UM47	LTC4S	NOTCH3	1	1	0	1	1	0
Q16873	Q99466	LTC4S	NOTCH4	1	1	0	1	1	0
P35222	P15923	CTNNB1	TCF3	1	1	1	1	1	0
Q13485	Q02078	SMAD4	MEF2A	1	1	0	1	1	0
P46734	O15264	MAP2K3	MAPK13	1	1	0	1	1	0
P52564	O15264	MAP2K6	MAPK13	1	1	0	1	1	0
P46734	P53778	MAP2K3	MAPK12	1	1	0	1	1	0
P01133	P04626	EGF	ERBB2	1	1	0	1	1	0
Q9Y6W6	P45983	DUSP10	MAPK8	1	1	1	1	1	0
P42702	O60674	LIFR	JAK2	1	1	0	1	1	0
P42702	P29597	LIFR	TYK2	1	1	0	1	1	0
P42702	P23458	LIFR	JAK1	1	1	0	1	1	0
Q8IVH8	Q13233	MAP4K3	MAP3K1	1	1	0	1	1	0
P60953	Q9NWT1	CDC42	PAK1IP1	1	1	0	1	1	0
Q9HAU4	P12757	SMURF2	SKIL	1	1	1	1	1	0
Q16873	P46531	LTC4S	NOTCH1	1	1	0	1	1	0
P46108	P45983	CRK	MAPK8	1	1	0	1	1	0
Q9P0L2	Q92997	MARK1	DVL3	1	1	0	1	1	0
Q9BUB5	P06730	MKNK1	EIF4E	1	1	0	1	1	0
Q9HBH9	P06730	MKNK2	EIF4E	1	1	0	1	1	0
P26992	P23458	CNTFR	JAK1	1	1	0	1	1	0
O15530	O00141	PDPK1	SGK1	1	1	0	1	1	0
Q07889	P01111	SOS1	NRAS	1	1	0	1	1	0
Q15418	P49841	RPS6KA1	GSK3B	1	1	1	1	1	0
P30086	O95819	PEBP1	MAP4K4	1	1	0	1	1	0
P63000	Q16584	RAC1	MAP3K11	1	1	0	1	1	0
O43283	O14733	MAP3K13	MAP2K7	1	1	0	1	1	0
Q9NRW4	P45983	DUSP22	MAPK8	1	1	0	1	1	0
O43541	Q15750	SMAD6	TAB1	1	1	1	1	1	0
O15105	Q15750	SMAD7	TAB1	1	1	1	1	1	0
Q9NRF2	O60674	SH2B1	JAK2	1	1	1	1	1	0
P17706	P42229	PTPN2	STAT5A	1	1	1	1	1	0
Q06124	P08069	PTPN11	IGF1R	1	1	0	1	1	0
P08069	P78324	IGF1R	SIRPA	1	1	0	1	1	0
P84022	P23771	SMAD3	GATA3	1	1	0	1	1	0
Q99062	O60674	CSF3R	JAK2	1	1	0	1	1	0
P48730	O95996	CSNK1D	APC2	1	1	0	1	1	0
P48730	P49841	CSNK1D	GSK3B	1	1	0	1	1	0
P48730	O14640	CSNK1D	DVL1	1	1	0	1	1	0
Q9NYJ7	Q04721	DLL3	NOTCH2	1	1	0	1	1	0
Q9NYL2	P45985	MAP3K20	MAP2K4	1	1	0	1	1	0
Q9NYL2	P46734	MAP3K20	MAP2K3	1	1	0	1	1	0
Q9NYL2	P52564	MAP3K20	MAP2K6	1	1	0	1	1	0
O15169	Q8N752	AXIN1	CSNK1A1L	1	1	0	1	1	0
P18031	P08069	PTPN1	IGF1R	1	1	1	1	1	0
P35568	Q13588	IRS1	GRAP	1	1	0	1	1	0
O75676	P18846	RPS6KA4	ATF1	1	1	0	1	1	0
Q9Y4H2	P48736	IRS2	PIK3CG	1	1	0	1	1	0
Q92935	Q15465	EXTL1	SHH	1	1	1	1	1	0
P27361	P14921	MAPK3	ETS1	1	1	0	1	1	0
Q8N752	P35222	CSNK1A1L	CTNNB1	1	1	1	1	1	0
P48730	P35222	CSNK1D	CTNNB1	1	1	1	1	1	0
Q8WTR2	P45983	DUSP19	MAPK8	1	1	1	1	1	0
P63244	P08069	RACK1	IGF1R	1	0	1	1	0	1
P08575	P23458	PTPRC	JAK1	1	1	1	1	1	0
O95071	P06401	UBR5	PGR	1	1	0	1	1	0
Q5VWK5	P29597	IL23R	TYK2	1	1	0	1	1	0
Q13233	P28482	MAP3K1	MAPK1	1	1	0	1	1	0
Q96MU8	O75581	KREMEN1	LRP6	1	1	0	1	1	0
Q8NCW0	O75581	KREMEN2	LRP6	1	1	1	1	1	0
O95163	P45983	ELP1	MAPK8	1	1	0	1	1	0
Q9HBE5	P52333	IL21R	JAK3	1	1	0	1	1	0
P09544	O00144	WNT2	FZD9	1	1	0	1	1	0
P06730	P84022	EIF4E	SMAD3	1	1	0	1	1	0
P06730	Q13485	EIF4E	SMAD4	1	1	0	1	1	0
Q13387	O15264	MAPK8IP2	MAPK13	1	1	0	1	1	0
O60271	P45985	SPAG9	MAP2K4	1	1	0	1	1	0
O60271	P61244	SPAG9	MAX	1	1	0	1	1	0
O60271	Q99759	SPAG9	MAP3K3	1	1	0	1	1	0
Q92830	O15105	KAT2A	SMAD7	1	1	0	1	1	0
P29350	P42226	PTPN6	STAT6	1	1	1	1	1	0
P40189	P23458	IL6ST	JAK1	1	1	0	1	1	0
Q7Z6J0	Q02779	SH3RF1	MAP3K10	1	1	0	1	1	0
Q7Z6J0	P45985	SH3RF1	MAP2K4	1	1	0	1	1	0
Q7Z6J0	Q12852	SH3RF1	MAP3K12	1	1	0	1	1	0
Q7Z6J0	O14733	SH3RF1	MAP2K7	1	1	0	1	1	0
Q7Z6J0	P45983	SH3RF1	MAPK8	1	1	0	1	1	0
Q9BY84	Q13387	DUSP16	MAPK8IP2	1	1	0	1	1	0
Q9NPH3	P14778	IL1RAP	IL1R1	1	1	1	1	1	0
Q92997	P63000	DVL3	RAC1	1	1	0	1	1	0
P84022	P61244	SMAD3	MAX	1	1	0	1	1	0
Q9Y3M2	P35222	CBY1	CTNNB1	1	1	1	1	1	0
O75928	Q14765	PIAS2	STAT4	1	1	1	1	1	0
P20809	Q14626	IL11	IL11RA	1	1	0	1	1	0
Q9H2X6	Q15797	HIPK2	SMAD1	1	1	1	1	1	0
Q9Y618	Q9C0J9	NCOR2	BHLHE41	1	1	0	1	1	0
P04150	P84022	NR3C1	SMAD3	1	1	0	1	1	0
Q8N2W9	P84022	PIAS4	SMAD3	1	1	1	1	1	0
Q8N2W9	Q13485	PIAS4	SMAD4	1	1	1	1	1	0
P49790	Q13485	NUP153	SMAD4	1	1	0	1	1	0
Q6UXL0	P29597	IL20RB	TYK2	1	1	0	1	1	0
Q6UXL0	P23458	IL20RB	JAK1	1	1	0	1	1	0
Q15831	P49841	STK11	GSK3B	1	1	0	1	1	0
Q08334	P29597	IL10RB	TYK2	1	1	0	1	1	0
Q08334	P23458	IL10RB	JAK1	1	1	0	1	1	0
Q6VAB6	P04049	KSR2	RAF1	1	1	0	1	1	0
Q15121	P28482	PEA15	MAPK1	1	1	1	1	1	0
Q99717	Q13485	SMAD5	SMAD4	1	1	0	1	1	0
O14543	Q14765	SOCS3	STAT4	1	1	0	1	1	0
Q8WXI2	P04049	CNKSR2	RAF1	1	1	0	1	1	0
Q99835	P17612	SMO	PRKACA	1	1	1	1	1	0
O15169	Q6ZNA4	AXIN1	RNF111	1	1	0	1	1	0
P56705	Q9NPG1	WNT4	FZD3	1	1	0	1	1	0
Q9H2X6	Q9UER7	HIPK2	DAXX	1	1	0	1	1	0
Q9Y6X2	P84022	PIAS3	SMAD3	1	1	0	1	1	0
O15105	O75807	SMAD7	PPP1R15A	1	1	0	1	1	0
P36873	P36897	PPP1CC	TGFBR1	1	1	1	1	1	0
O75807	P36873	PPP1R15A	PPP1CC	1	1	0	1	1	0
Q9UKB1	Q13485	FBXW11	SMAD4	1	1	0	1	1	0
P35222	P20823	CTNNB1	HNF1A	1	1	0	1	1	0
Q9BRX9	P04049	WDR83	RAF1	1	1	0	1	1	0
Q9BRX9	P27361	WDR83	MAPK3	1	1	0	1	1	0
Q9BRX9	Q02750	WDR83	MAP2K1	1	1	0	1	1	0
Q8IU57	P29597	IFNLR1	TYK2	1	1	0	1	1	0
Q8IU57	P23458	IFNLR1	JAK1	1	1	0	1	1	0
Q6EBC2	Q8NI17	IL31	IL31RA	1	1	0	1	1	0
O15530	P31751	PDPK1	AKT2	1	1	0	1	1	0
Q9H0M0	O15105	WWP1	SMAD7	1	1	0	1	1	0
Q13641	P00533	TPBG	EGFR	1	1	0	1	1	0
Q96J02	Q15796	ITCH	SMAD2	1	1	0	1	1	0
Q15583	Q9H0M0	TGIF1	WWP1	1	1	0	1	1	0
Q9H0M0	Q15796	WWP1	SMAD2	1	1	0	1	1	0
P49407	P28482	ARRB1	MAPK1	1	1	0	0	0	0
P49407	Q16539	ARRB1	MAPK14	1	1	0	0	0	0
Q9H488	O00587	POFUT1	MFNG	1	1	0	1	1	0
Q9H488	Q8NES3	POFUT1	LFNG	1	1	0	1	1	0
O76050	P78504	NEURL1	JAG1	1	1	0	1	1	0
Q9H488	Q96C23	POFUT1	GALM	1	1	0	1	1	0
P34925	O14641	RYK	DVL2	1	1	0	1	1	0
P34925	Q92997	RYK	DVL3	1	1	0	1	1	0
O43312	P08151	MTSS1	GLI1	1	1	0	1	1	0
O43312	Q9BZE0	MTSS1	GLIS2	1	1	0	1	1	0
O43312	Q9UMX1	MTSS1	SUFU	1	1	0	1	1	0
Q9UHA4	Q02750	LAMTOR3	MAP2K1	1	1	0	1	1	0
P43250	Q99835	GRK6	SMO	1	1	0	1	1	0
P49407	Q99835	ARRB1	SMO	1	1	0	1	1	0
P18031	P06213	PTPN1	INSR	1	1	1	1	1	0
P17706	P06213	PTPN2	INSR	1	1	1	1	0	1
A7MBM2	Q15465	DISP2	SHH	1	1	0	1	1	0
Q9P2K9	Q15465	DISP3	SHH	1	1	0	1	1	0
P63151	P04049	PPP2R2A	RAF1	1	1	0	1	1	0
P63151	Q8IVT5	PPP2R2A	KSR1	1	1	0	1	1	0
Q12852	O14733	MAP3K12	MAP2K7	1	1	0	1	1	0
Q13387	P53779	MAPK8IP2	MAPK10	1	1	0	1	1	0
Q9UPT6	P53779	MAPK8IP3	MAPK10	1	1	0	0	0	0
O60271	Q16539	SPAG9	MAPK14	1	1	0	1	1	0
Q13387	P45984	MAPK8IP2	MAPK9	1	1	0	1	1	0
Q9UPT6	P45984	MAPK8IP3	MAPK9	1	1	0	1	1	0
Q9UPT6	P45983	MAPK8IP3	MAPK8	1	1	0	0	0	0
P17706	P52333	PTPN2	JAK3	1	1	1	1	1	0
Q9UPN9	Q13485	TRIM33	SMAD4	1	1	0	1	1	0
Q969H4	P04049	CNKSR1	RAF1	1	1	0	1	1	0
O43791	Q13618	SPOP	CUL3	1	1	0	1	1	0
Q96AX9	Q9Y219	MIB2	JAG2	1	1	0	1	1	0
Q99650	P23458	OSMR	JAK1	1	1	0	1	1	0
P05412	P15884	JUN	TCF4	1	1	0	1	1	0
P62491	P78504	RAB11A	JAG1	1	1	0	1	1	0
P48357	P23458	LEPR	JAK1	1	1	0	1	1	0
P49841	Q7KZI7	GSK3B	MARK2	1	1	0	1	1	0
O43312	P63000	MTSS1	RAC1	1	1	0	1	1	0
Q07889	P01116	SOS1	KRAS	1	1	0	1	1	0
Q9H6Z4	P35222	RANBP3	CTNNB1	1	1	0	1	1	0
Q9Y5X1	P00533	SNX9	EGFR	1	1	0	1	1	0
O60674	Q14765	JAK2	STAT4	1	1	1	1	1	0
P29597	Q14765	TYK2	STAT4	1	1	1	1	1	0
Q9HCP0	O75581	CSNK1G1	LRP6	1	1	1	1	1	0
Q9HCP0	O75197	CSNK1G1	LRP5	1	1	0	1	1	0
P37173	O43318	TGFBR2	MAP3K7	1	1	0	1	1	0
P60953	P60484	CDC42	PTEN	1	1	0	1	1	0
P63244	P40763	RACK1	STAT3	1	1	0	1	1	0
Q13705	Q8NER5	ACVR2B	ACVR1C	1	1	0	1	1	0
P22004	Q16671	BMP6	AMHR2	1	1	0	1	1	0
P61160	P36896	ACTR2	ACVR1B	1	1	0	1	1	0
O95390	P61160	GDF11	ACTR2	1	1	0	1	1	0
P27539	P61160	GDF1	ACTR2	1	1	0	1	1	0
P08476	P61160	INHBA	ACTR2	1	1	0	1	1	0
P18075	P61160	BMP7	ACTR2	1	1	0	1	1	0
P12643	P61160	BMP2	ACTR2	1	1	0	1	1	0
O95972	P61160	BMP15	ACTR2	1	1	0	1	1	0
Q16671	Q04771	AMHR2	ACVR1	1	1	0	1	1	0
Q16671	O00238	AMHR2	BMPR1B	1	1	0	1	1	0
O95390	Q13705	GDF11	ACVR2B	1	1	0	1	1	0
Q96S42	Q13705	NODAL	ACVR2B	1	1	0	1	1	0
P43026	Q13705	GDF5	ACVR2B	1	1	0	1	1	0
O95972	Q13873	BMP15	BMPR2	1	1	0	1	1	0
P17612	P08151	PRKACA	GLI1	1	1	1	1	1	0
P49841	P08151	GSK3B	GLI1	1	1	1	1	1	0
Q8N752	P08151	CSNK1A1L	GLI1	1	1	1	1	1	0
P17612	P10071	PRKACA	GLI3	1	1	1	1	0	1
Q8N752	P10071	CSNK1A1L	GLI3	1	1	1	1	1	0
P09603	Q99062	CSF1	CSF3R	1	1	0	1	1	0
P04141	Q99062	CSF2	CSF3R	1	1	0	1	1	0
Q9Y6R0	Q96J02	NUMBL	ITCH	1	1	0	1	1	0
P60510	O43524	PPP4C	FOXO3	1	1	0	1	1	0
P17612	Q9BZE0	PRKACA	GLIS2	1	1	1	1	1	0
P49841	Q9BZE0	GSK3B	GLIS2	1	1	0	1	1	0
Q8N752	Q9BZE0	CSNK1A1L	GLIS2	1	1	0	1	1	0
P31749	P17612	AKT1	PRKACA	1	1	0	1	1	0
O15105	P62136	SMAD7	PPP1CA	1	1	0	1	1	0
P62136	P37023	PPP1CA	ACVRL1	1	1	0	1	1	0
Q7Z6J0	Q9UQF2	SH3RF1	MAPK8IP1	1	1	0	1	1	0
O14508	P08069	SOCS2	IGF1R	1	1	0	1	1	0
P28482	Q99683	MAPK1	MAP3K5	1	1	0	1	1	0
Q13618	Q9BZE0	CUL3	GLIS2	1	1	0	1	1	0
Q9UPN9	P84022	TRIM33	SMAD3	1	1	0	1	1	0
Q9UPN9	Q15796	TRIM33	SMAD2	1	1	0	1	1	0
Q9GZU7	Q15797	CTDSP1	SMAD1	1	1	1	1	0	1
O14595	Q15797	CTDSP2	SMAD1	1	1	1	1	0	1
Q9HAU4	P35222	SMURF2	CTNNB1	1	1	0	1	1	0
P10071	Q93074	GLI3	MED12	1	1	1	1	1	0
O00512	P35222	BCL9	CTNNB1	1	1	0	1	1	0
O95476	P36894	CTDNEP1	BMPR1A	1	1	0	1	1	0
Q9P0W0	P17181	IFNK	IFNAR1	1	1	0	1	1	0
Q9NZH8	P17181	IL36G	IFNAR1	1	1	0	1	1	0
Q8IU54	Q08334	IFNL1	IL10RB	1	1	0	1	1	0
Q8IZJ0	Q08334	IFNL2	IL10RB	1	1	0	1	1	0
Q8IZI9	Q08334	IFNL3	IL10RB	1	1	0	1	1	0
P22301	Q08334	IL10	IL10RB	1	1	0	1	1	0
Q9P0W0	P48551	IFNK	IFNAR2	1	1	0	1	1	0
Q9NZH8	P48551	IL36G	IFNAR2	1	1	0	1	1	0
Q8IU54	Q8IU57	IFNL1	IFNLR1	1	1	0	1	1	0
Q8IZJ0	Q8IU57	IFNL2	IFNLR1	1	1	0	1	1	0
Q8IZI9	Q8IU57	IFNL3	IFNLR1	1	1	0	1	1	0
Q9UHD0	Q6UXL0	IL19	IL20RB	1	1	0	1	1	0
Q9NYY1	Q6UXL0	IL20	IL20RB	1	1	0	1	1	0
Q13007	Q6UXL0	IL24	IL20RB	1	1	0	1	1	0
Q969J5	Q9GZX6	IL22RA2	IL22	1	1	0	0	0	0
P48357	P29597	LEPR	TYK2	1	1	0	1	1	0
Q00987	P08069	MDM2	IGF1R	1	1	1	1	1	0
Q6ZNA4	P84022	RNF111	SMAD3	1	1	1	1	1	0
Q6ZNA4	Q15796	RNF111	SMAD2	1	1	1	1	1	0
O15105	Q9NYJ8	SMAD7	TAB2	1	1	0	1	1	0
Q16539	P40763	MAPK14	STAT3	1	1	0	1	1	0
P45983	P40763	MAPK8	STAT3	1	1	0	1	1	0
Q16539	P42224	MAPK14	STAT1	1	1	0	1	1	0
Q15831	Q7KZI7	STK11	MARK2	1	1	0	1	1	0
P49841	Q15797	GSK3B	SMAD1	1	1	1	1	1	0
P21741	Q04721	MDK	NOTCH2	1	1	0	1	1	0
O15357	Q9UQF2	INPPL1	MAPK8IP1	1	1	0	1	1	0
Q5VTY9	Q15465	HHAT	SHH	1	1	0	1	1	0
P55001	P46531	MFAP2	NOTCH1	1	1	0	1	1	0
P46531	Q15797	NOTCH1	SMAD1	1	1	0	1	1	0
Q16873	Q06413	LTC4S	MEF2C	1	1	0	1	1	0
P46531	P10301	NOTCH1	RRAS	1	1	0	1	1	0
Q16873	P35222	LTC4S	CTNNB1	1	1	0	1	1	0
Q16873	P49336	LTC4S	CDK8	1	1	0	1	1	0
P49840	Q16873	GSK3A	LTC4S	1	1	0	1	1	0
P49336	P46531	CDK8	NOTCH1	1	1	1	1	1	0
Q9C0J9	Q06330	BHLHE41	RBPJ	1	1	0	1	1	0
Q16873	Q06330	LTC4S	RBPJ	1	1	0	1	1	0
Q16873	P04637	LTC4S	TP53	1	1	0	1	1	0
Q16619	P42702	CTF1	LIFR	1	1	0	1	1	0
P17181	P15260	IFNAR1	IFNGR1	1	1	0	1	1	0
Q8NI17	P23458	IL31RA	JAK1	1	1	0	1	1	0
Q9NSE2	P48357	CISH	LEPR	1	1	0	1	1	0
O14508	P48357	SOCS2	LEPR	1	1	1	1	1	0
O14543	P48357	SOCS3	LEPR	1	1	1	1	1	0
O14543	P42701	SOCS3	IL12RB1	1	1	1	1	1	0
O14522	P40763	PTPRT	STAT3	1	1	1	1	1	0
Q09472	Q13485	EP300	SMAD4	1	1	1	1	1	0
P36897	Q9Y4K3	TGFBR1	TRAF6	1	1	0	1	1	0
P26012	P01137	ITGB8	TGFB1	1	1	0	0	0	0
P18564	P01137	ITGB6	TGFB1	1	1	0	0	0	0
Q15759	Q15796	MAPK11	SMAD2	1	1	1	1	1	0
Q9H6Z4	Q15796	RANBP3	SMAD2	1	1	1	1	1	1
Q9H6Z4	P84022	RANBP3	SMAD3	1	1	1	1	1	1
O43541	P31273	SMAD6	HOXC8	1	1	0	1	1	0
O15105	Q9Y3F4	SMAD7	STRAP	1	1	0	1	1	0
O43541	Q96FA3	SMAD6	PELI1	1	1	0	1	1	0
P62942	P36897	FKBP1A	TGFBR1	1	1	1	1	1	0
P49674	Q99835	CSNK1E	SMO	1	1	0	1	1	0
Q8N752	O75581	CSNK1A1L	LRP6	1	1	0	1	1	0
P43250	O75581	GRK6	LRP6	1	1	0	1	1	0
P48729	O75581	CSNK1A1	LRP6	1	1	0	1	1	0
P48730	O75581	CSNK1D	LRP6	1	1	0	1	1	0
P49674	O75581	CSNK1E	LRP6	1	1	0	1	1	0
O14640	P35222	DVL1	CTNNB1	1	1	1	1	1	0
O14640	P05412	DVL1	JUN	1	1	0	1	1	0
Q9Y608	Q92997	LRRFIP2	DVL3	1	1	0	1	1	0
O14641	Q5S007	DVL2	LRRK2	1	1	0	1	1	0
Q92997	Q5S007	DVL3	LRRK2	1	1	0	1	1	0
P68400	Q9UJU2	CSNK2A1	LEF1	1	1	0	1	1	0
Q92997	Q99755	DVL3	PIP5K1A	1	1	0	1	1	0
Q6IMN6	O75581	CAPRIN2	LRP6	1	1	0	1	1	0
O14640	Q13464	DVL1	ROCK1	1	1	0	1	1	0
O14641	P63000	DVL2	RAC1	1	1	0	1	1	0
P49674	Q01974	CSNK1E	ROR2	1	1	0	1	1	0
Q01974	P25098	ROR2	GRK2	1	1	0	1	1	0
P16234	P19174	PDGFRA	PLCG1	1	1	0	1	1	0
P09619	P19174	PDGFRB	PLCG1	1	1	0	1	1	0
P16234	P46108	PDGFRA	CRK	1	1	0	1	1	0
P09619	Q06124	PDGFRB	PTPN11	1	1	0	1	1	0
P09619	P16333	PDGFRB	NCK1	1	1	0	1	1	0
P09619	Q13588	PDGFRB	GRAP	1	1	0	1	1	0
Q03135	P09619	CAV1	PDGFRB	1	1	0	1	1	0
P09619	P20936	PDGFRB	RASA1	1	1	0	1	1	0
P09619	P46108	PDGFRB	CRK	1	1	0	1	1	0
Q9GZP0	P09619	PDGFD	PDGFRB	1	1	0	1	1	0
P11362	Q14449	FGFR1	GRB14	1	1	0	1	1	0
P11362	Q15464	FGFR1	SHB	1	1	0	0	0	0
P21802	Q13588	FGFR2	GRAP	1	1	0	1	1	0
P10767	P21802	FGF6	FGFR2	1	1	0	1	1	0
O60258	P21802	FGF17	FGFR2	1	1	0	1	1	0
O76093	P21802	FGF18	FGFR2	1	1	0	1	1	0
Q9HCT0	P21802	FGF22	FGFR2	1	1	0	1	1	0
P31371	P22607	FGF9	FGFR3	1	1	0	1	1	0
P35968	P98077	KDR	SHC2	1	1	0	1	1	0
P98077	P35968	SHC2	KDR	1	1	0	0	0	0
P35968	P08758	KDR	ANXA5	1	1	0	1	1	0
P35968	P29353	KDR	SHC1	1	1	0	1	1	0
P35916	P29353	FLT4	SHC1	1	1	0	1	1	0
P22681	P08581	CBL	MET	1	1	1	1	1	0
P08581	Q92990	MET	GLMN	1	1	1	1	1	0
P08581	Q13588	MET	GRAP	1	1	0	1	1	0
P08581	Q96S59	MET	RANBP9	1	1	0	1	1	0
Q04912	Q13588	MST1R	GRAP	1	1	0	1	1	0
P26927	Q04912	MST1	MST1R	1	1	0	1	1	0
P31749	Q04912	AKT1	MST1R	1	1	0	1	1	0
Q04912	P31946	MST1R	YWHAB	1	1	0	1	1	0
Q04912	P27348	MST1R	YWHAQ	1	1	0	1	1	0
P04629	P00519	NTRK1	ABL1	1	1	0	1	1	0
P04629	Q13588	NTRK1	GRAP	1	1	0	1	1	0
P04629	P42679	NTRK1	MATK	1	1	0	1	1	0
P04629	A7KAX9	NTRK1	ARHGAP32	1	1	0	1	1	0
Q13501	P04629	SQSTM1	NTRK1	1	1	0	1	1	0
P04629	Q9NRF2	NTRK1	SH2B1	1	1	0	1	1	0
P04629	O14492	NTRK1	SH2B2	1	1	0	1	1	0
P23560	Q16620	BDNF	NTRK2	1	1	0	1	1	0
Q16620	P06241	NTRK2	FYN	1	1	0	1	1	0
Q13501	Q16620	SQSTM1	NTRK2	1	1	0	1	1	0
Q16620	Q92529	NTRK2	SHC3	1	1	0	1	1	0
P20783	Q16288	NTF3	NTRK3	1	1	0	1	1	0
Q16288	P19174	NTRK3	PLCG1	1	1	0	1	1	0
Q16288	P29353	NTRK3	SHC1	1	1	0	1	1	0
P52797	P29320	EFNA3	EPHA3	1	1	0	1	1	0
P52798	P54764	EFNA4	EPHA4	1	1	0	1	1	0
P98172	P54762	EFNB1	EPHB1	1	1	0	1	1	0
P52799	P29323	EFNB2	EPHB2	1	1	0	1	1	0
P29317	O00459	EPHA2	PIK3R2	1	1	0	1	1	0
P29317	Q13588	EPHA2	GRAP	1	1	0	1	1	0
P24666	P29317	ACP1	EPHA2	1	1	1	1	1	0
P29317	P29353	EPHA2	SHC1	1	1	0	1	1	0
P20827	Q15375	EFNA1	EPHA7	1	1	0	1	1	0
O43921	Q15375	EFNA2	EPHA7	1	1	0	1	1	0
P52797	Q15375	EFNA3	EPHA7	1	1	0	1	1	0
P52798	Q15375	EFNA4	EPHA7	1	1	0	1	1	0
O43921	P29322	EFNA2	EPHA8	1	1	0	1	1	0
P52797	P29322	EFNA3	EPHA8	1	1	0	1	1	0
P52798	P29322	EFNA4	EPHA8	1	1	0	1	1	0
P52803	P29322	EFNA5	EPHA8	1	1	0	1	1	0
P52798	P29317	EFNA4	EPHA2	1	1	0	1	1	0
P52798	P29320	EFNA4	EPHA3	1	1	0	1	1	0
O43921	P54756	EFNA2	EPHA5	1	1	0	1	1	0
P52797	P54756	EFNA3	EPHA5	1	1	0	1	1	0
P52798	P54756	EFNA4	EPHA5	1	1	0	1	1	0
P52799	P54762	EFNB2	EPHB1	1	1	0	1	1	0
P98172	P29323	EFNB1	EPHB2	1	1	0	1	1	0
P98172	P54753	EFNB1	EPHB3	1	1	0	1	1	0
P52799	P54753	EFNB2	EPHB3	1	1	0	1	1	0
P52799	P29320	EFNB2	EPHA3	1	1	0	1	1	0
P29320	P12931	EPHA3	SRC	1	1	0	1	1	0
P29320	P06241	EPHA3	FYN	1	1	0	1	1	0
P54764	O94989	EPHA4	ARHGEF15	1	1	0	1	1	0
P54764	P06241	EPHA4	FYN	1	1	0	1	1	0
P54762	Q14451	EPHB1	GRB7	1	1	0	1	1	0
P54762	P24666	EPHB1	ACP1	1	1	0	1	1	0
P54762	P16333	EPHB1	NCK1	1	1	0	1	1	0
P29323	P12931	EPHB2	SRC	1	1	0	1	1	0
P29323	P20936	EPHB2	RASA1	1	1	0	1	1	0
P29323	O43426	EPHB2	SYNJ1	1	1	1	1	1	0
P29323	Q15811	EPHB2	ITSN1	1	1	0	1	1	0
P54753	P20936	EPHB3	RASA1	1	1	0	1	1	0
P54753	P55196	EPHB3	AFDN	1	1	0	0	0	0
P29376	P29353	LTK	SHC1	1	1	0	1	1	0
P29376	P19174	LTK	PLCG1	1	1	0	1	1	0
P29376	P04049	LTK	RAF1	1	1	0	1	1	0
P21246	Q9UM73	PTN	ALK	1	1	0	1	1	0
Q9UM73	P19174	ALK	PLCG1	1	1	0	1	1	0
Q9UM73	P40763	ALK	STAT3	1	1	0	1	1	0
P21741	Q9UM73	MDK	ALK	1	1	0	1	1	0
P23471	Q9UM73	PTPRZ1	ALK	1	1	1	1	1	0
P23467	Q9UM73	PTPRB	ALK	1	1	1	1	1	0
Q9UM73	Q92529	ALK	SHC3	1	1	0	1	1	0
Q9UM73	P29353	ALK	SHC1	1	1	0	1	1	0
Q9Y264	P35590	ANGPT4	TIE1	1	1	0	1	1	0
O95841	Q02763	ANGPTL1	TEK	1	1	0	1	1	0
Q02763	O60496	TEK	DOK2	1	1	0	1	1	0
Q02763	Q13588	TEK	GRAP	1	1	0	1	1	0
Q02763	Q14451	TEK	GRB7	1	1	0	1	1	0
Q02763	Q14449	TEK	GRB14	1	1	0	1	1	0
P41221	Q01973	WNT5A	ROR1	1	1	0	1	1	0
Q08345	P29353	DDR1	SHC1	1	1	0	1	1	0
Q16832	P29353	DDR2	SHC1	1	1	0	1	1	0
Q16832	P12931	DDR2	SRC	1	1	0	0	0	0
P68400	O15146	CSNK2A1	MUSK	1	1	0	1	1	0
P29350	P08922	PTPN6	ROS1	1	1	1	1	1	0
Q6ZMQ8	Q9UEW8	AATK	STK39	1	0	1	1	0	1
Q6ZMQ8	Q15078	AATK	CDK5R1	1	1	0	1	1	0
Q00535	Q8IWU2	CDK5	LMTK2	1	1	1	1	1	0
Q8IWU2	P62136	LMTK2	PPP1CA	1	1	1	1	1	0
P30530	Q63HR2	AXL	TNS2	1	1	0	1	1	0
P30530	Q13588	AXL	GRAP	1	1	0	1	1	0
P30530	P48736	AXL	PIK3CG	1	1	0	1	1	0
P30530	O15524	AXL	SOCS1	1	1	0	1	1	0
Q12866	P15498	MERTK	VAV1	1	1	0	1	1	0
P43250	Q06418	GRK6	TYRO3	1	1	0	1	1	0
P07949	Q13322	RET	GRB10	1	1	0	1	1	0
P07949	P40763	RET	STAT3	1	1	0	1	1	0
P07949	Q8TEW6	RET	DOK4	1	1	0	1	1	0
P07949	Q9P104	RET	DOK5	1	1	0	1	1	0
P07949	Q13588	RET	GRAP	1	1	0	1	1	0
P07949	P56159	RET	GFRA1	1	1	0	1	1	0
P07949	Q8WU20	RET	FRS2	1	1	0	1	1	0
Q13322	P00519	GRB10	ABL1	1	1	0	1	1	0
P00519	Q13588	ABL1	GRAP	1	1	0	1	1	0
P00519	P15498	ABL1	VAV1	1	1	0	1	1	0
Q8N488	P00519	RYBP	ABL1	1	1	1	1	1	0
P22670	P00519	RFX1	ABL1	1	1	0	1	1	0
P41240	Q96MU7	CSK	YTHDC1	1	1	0	1	1	0
P98082	P41240	DAB2	CSK	1	1	0	1	1	0
P08069	P41240	IGF1R	CSK	1	1	0	1	1	0
Q92793	P41240	CREBBP	CSK	1	1	0	1	1	0
Q9NWQ8	P41240	PAG1	CSK	1	1	1	1	1	0
P06239	P29350	LCK	PTPN6	1	1	0	1	1	0
P29350	P06239	PTPN6	LCK	1	1	1	0	0	0
P06239	P46531	LCK	NOTCH1	1	1	0	1	1	0
P61586	P19174	RHOA	PLCG1	1	1	0	1	1	0
Q13588	P19174	GRAP	PLCG1	1	1	0	1	1	0
P04626	P19174	ERBB2	PLCG1	1	1	0	1	1	0
P68104	P19174	EEF1A1	PLCG1	1	1	0	1	1	0
P16333	O00401	NCK1	WASL	1	1	0	1	1	0
O14543	P20936	SOCS3	RASA1	1	1	0	1	1	0
P12931	P20936	SRC	RASA1	1	1	1	1	1	0
P06239	P20936	LCK	RASA1	1	1	0	1	1	0
P20936	P51636	RASA1	CAV2	1	1	0	1	1	0
P20936	P01112	RASA1	HRAS	1	1	1	1	0	1
P00533	Q14449	EGFR	GRB14	1	1	0	1	1	0
P27348	Q14814	YWHAQ	MEF2D	1	1	0	1	1	0
P31946	Q05513	YWHAB	PRKCZ	1	1	0	0	0	0
P63104	Q05513	YWHAZ	PRKCZ	1	1	0	1	1	0
P27348	Q15139	YWHAQ	PRKD1	1	1	0	1	1	0
Q8WU20	Q13588	FRS2	GRAP	1	1	0	1	1	0
Q8WU20	P22681	FRS2	CBL	1	1	0	1	1	0
A7KAX9	P46109	ARHGAP32	CRKL	1	1	0	1	1	0
A7KAX9	P46108	ARHGAP32	CRK	1	1	0	1	1	0
Q13480	A7KAX9	GAB1	ARHGAP32	1	1	0	1	1	0
Q9UQC2	A7KAX9	GAB2	ARHGAP32	1	1	0	1	1	0
A7KAX9	P63000	ARHGAP32	RAC1	1	1	1	1	0	1
A7KAX9	P61586	ARHGAP32	RHOA	1	1	1	1	1	0
A7KAX9	P12931	ARHGAP32	SRC	1	1	0	1	1	0
P09619	O43639	PDGFRB	NCK2	1	1	0	1	1	0
Q16620	O43639	NTRK2	NCK2	1	1	0	1	1	0
P06213	Q14451	INSR	GRB7	1	1	0	1	1	0
P07949	Q14451	RET	GRB7	1	1	0	1	1	0
Q14451	Q92730	GRB7	RND1	1	1	0	1	1	0
Q15811	P60953	ITSN1	CDC42	1	1	0	1	1	0
P47736	P61224	RAP1GAP	RAP1B	1	1	0	1	1	0
P61224	P15056	RAP1B	BRAF	1	1	0	1	1	0
Q9UEW8	Q16539	STK39	MAPK14	1	1	0	1	1	0
P14778	P27986	IL1R1	PIK3R1	1	1	0	1	1	0
P19235	P27986	EPOR	PIK3R1	1	1	0	1	1	0
P06213	Q8TEW6	INSR	DOK4	1	1	0	1	1	0
Q8TEW6	P46108	DOK4	CRK	1	1	0	1	1	0
Q8TEW6	P12931	DOK4	SRC	1	1	0	1	1	0
Q8TEW6	P06241	DOK4	FYN	1	1	0	1	1	0
P06213	Q9P104	INSR	DOK5	1	1	0	1	1	0
P07949	Q99704	RET	DOK1	1	1	0	1	1	0
P40189	Q9UQC2	IL6ST	GAB2	1	1	0	1	1	0
P10586	P06213	PTPRF	INSR	1	1	1	1	1	0
P10586	Q9Y4H2	PTPRF	IRS2	1	1	1	1	1	0
P04626	P03372	ERBB2	ESR1	1	1	0	1	1	0
P10275	P21860	AR	ERBB3	1	1	0	1	1	0
P51843	Q92731	NR0B1	ESR2	1	1	0	1	1	0
Q15466	P19793	NR0B2	RXRA	1	1	0	1	1	0
Q15466	O00482	NR0B2	NR5A2	1	1	1	1	1	0
P10828	P19793	THRB	RXRA	1	1	0	1	1	0
P19793	P10828	RXRA	THRB	1	1	0	0	0	0
P10827	P28702	THRA	RXRB	1	1	0	0	0	0
P28702	P10827	RXRB	THRA	1	1	0	1	1	0
Q15466	P28702	NR0B2	RXRB	1	1	0	1	1	0
P10827	P19793	THRA	RXRA	1	1	0	1	1	0
P19793	P10827	RXRA	THRA	1	1	0	0	0	0
P19793	Q96RI1	RXRA	NR1H4	1	1	0	1	1	0
Q96RI1	P19793	NR1H4	RXRA	1	1	0	0	0	0
P11473	P19793	VDR	RXRA	1	1	0	1	1	0
P19793	P11473	RXRA	VDR	1	1	0	0	0	0
P11473	P28702	VDR	RXRB	1	1	0	0	0	0
P28702	P11473	RXRB	VDR	1	1	0	1	1	0
P19793	Q14994	RXRA	NR1I3	1	1	0	0	0	0
Q14994	P19793	NR1I3	RXRA	1	1	0	1	1	0
O75469	P19793	NR1I2	RXRA	1	1	0	1	1	0
P19793	O75469	RXRA	NR1I2	1	1	0	0	0	0
P19793	P22736	RXRA	NR4A1	1	1	0	1	1	0
P10276	P22736	RARA	NR4A1	1	1	0	1	1	0
P10828	P28702	THRB	RXRB	1	1	0	0	0	0
P28702	P10828	RXRB	THRB	1	1	0	1	1	0
P10828	P42229	THRB	STAT5A	1	1	0	1	1	0
P10589	P19793	NR2F1	RXRA	1	1	0	1	1	0
P19793	P10589	RXRA	NR2F1	1	1	0	0	0	0
P10589	P28702	NR2F1	RXRB	1	1	0	0	0	0
P28702	P10589	RXRB	NR2F1	1	1	0	1	1	0
P10589	P24468	NR2F1	NR2F2	1	1	0	0	0	0
P24468	P10589	NR2F2	NR2F1	1	1	0	1	1	0
P24468	P28702	NR2F2	RXRB	1	1	0	0	0	0
P28702	P24468	RXRB	NR2F2	1	1	0	1	1	0
P10588	P10828	NR2F6	THRB	1	1	0	1	1	0
Q15466	Q92731	NR0B2	ESR2	1	1	0	1	1	0
Q92731	Q15466	ESR2	NR0B2	1	1	0	0	0	0
P04150	P08235	NR3C1	NR3C2	1	1	0	1	1	0
P08235	P04150	NR3C2	NR3C1	1	1	0	1	1	0
P51843	O00482	NR0B1	NR5A2	1	1	0	1	1	0
Q15466	O75469	NR0B2	NR1I2	1	1	1	1	1	0
P28702	Q03181	RXRB	PPARD	1	1	0	1	1	0
Q03181	P28702	PPARD	RXRB	1	1	0	0	0	0
P19793	Q03181	RXRA	PPARD	1	1	0	1	1	0
Q03181	P19793	PPARD	RXRA	1	1	0	0	0	0
P49116	P41235	NR2C2	HNF4A	1	1	0	1	1	0
P51843	P62508	NR0B1	ESRRG	1	1	0	1	1	0
O95718	P51843	ESRRB	NR0B1	1	1	0	1	1	0
P51843	O95718	NR0B1	ESRRB	1	1	0	1	1	0
P51843	P06401	NR0B1	PGR	1	1	0	1	1	0
P51843	P22736	NR0B1	NR4A1	1	1	0	1	1	0
Q9Y618	P06401	NCOR2	PGR	1	1	1	1	1	0
Q15466	P10827	NR0B2	THRA	1	1	0	1	1	0
Q15466	P10828	NR0B2	THRB	1	1	0	1	1	0
Q15466	P10276	NR0B2	RARA	1	1	0	1	1	0
Q15466	P10826	NR0B2	RARB	1	1	0	1	1	0
Q15466	Q07869	NR0B2	PPARA	1	1	0	1	1	0
Q15466	P55055	NR0B2	NR1H2	1	1	0	1	1	0
Q15466	Q13133	NR0B2	NR1H3	1	1	0	1	1	0
Q15466	Q14994	NR0B2	NR1I3	1	1	1	1	1	0
Q15466	O95718	NR0B2	ESRRB	1	1	0	1	1	0
Q15466	P62508	NR0B2	ESRRG	1	1	0	1	1	0
Q15466	P11474	NR0B2	ESRRA	1	1	0	1	1	0
P10827	P13631	THRA	RARG	1	1	0	1	1	0
P13631	P10827	RARG	THRA	1	1	0	1	1	0
P10276	P10827	RARA	THRA	1	1	0	1	1	0
P10827	P10276	THRA	RARA	1	1	0	1	1	0
P10826	P10827	RARB	THRA	1	1	0	1	1	0
P10827	P10826	THRA	RARB	1	1	0	1	1	0
P10827	P48443	THRA	RXRG	1	1	0	1	1	0
P48443	P10827	RXRG	THRA	1	1	0	1	1	0
P10827	P24468	THRA	NR2F2	1	1	0	1	1	0
P24468	P10827	NR2F2	THRA	1	1	0	1	1	0
P10828	P37231	THRB	PPARG	1	1	0	1	1	0
P10826	P28702	RARB	RXRB	1	1	0	1	1	0
P28702	P10826	RXRB	RARB	1	1	0	0	0	0
P48443	Q07869	RXRG	PPARA	1	1	0	0	0	0
Q07869	P48443	PPARA	RXRG	1	1	0	1	1	0
P04150	P37231	NR3C1	PPARG	1	1	0	1	1	0
P37231	P04150	PPARG	NR3C1	1	1	0	1	1	0
P20393	Q9Y5X4	NR1D1	NR2E3	1	1	0	0	0	0
Q9Y5X4	P20393	NR2E3	NR1D1	1	1	0	1	1	0
P55055	Q03181	NR1H2	PPARD	1	1	0	1	1	0
Q03181	P55055	PPARD	NR1H2	1	1	0	1	1	0
P28702	P55055	RXRB	NR1H2	1	1	0	1	1	0
P55055	P28702	NR1H2	RXRB	1	1	0	0	0	0
Q03181	Q13133	PPARD	NR1H3	1	1	0	1	1	0
Q13133	Q03181	NR1H3	PPARD	1	1	0	1	1	0
P10588	P19793	NR2F6	RXRA	1	1	0	1	1	0
P19793	P10588	RXRA	NR2F6	1	1	0	0	0	0
P19793	P43354	RXRA	NR4A2	1	1	0	0	0	0
P43354	P19793	NR4A2	RXRA	1	1	0	1	1	0
P28702	Q07869	RXRB	PPARA	1	1	0	1	1	0
Q07869	P28702	PPARA	RXRB	1	1	0	0	0	0
P28702	P43354	RXRB	NR4A2	1	1	0	0	0	0
P43354	P28702	NR4A2	RXRB	1	1	0	1	1	0
P10828	P48443	THRB	RXRG	1	1	0	1	1	0
P48443	P10828	RXRG	THRB	1	1	0	0	0	0
P11473	P48443	VDR	RXRG	1	1	0	1	1	0
P48443	P11473	RXRG	VDR	1	1	0	1	1	0
P43354	P48443	NR4A2	RXRG	1	1	0	1	1	0
P48443	P43354	RXRG	NR4A2	1	1	0	1	1	0
P13056	P10275	NR2C1	AR	1	1	0	1	1	0
P49116	P03372	NR2C2	ESR1	1	1	0	1	1	0
P49116	Q92731	NR2C2	ESR2	1	1	0	1	1	0
P10588	P24468	NR2F6	NR2F2	1	1	0	1	1	0
P24468	P10588	NR2F2	NR2F6	1	1	0	1	1	0
P04150	P24468	NR3C1	NR2F2	1	1	0	1	1	0
P24468	P04150	NR2F2	NR3C1	1	1	0	1	1	0
P04150	P19793	NR3C1	RXRA	1	1	0	1	1	0
P19793	P04150	RXRA	NR3C1	1	1	0	1	1	0
P04150	P22736	NR3C1	NR4A1	1	1	0	1	1	0
P22736	P04150	NR4A1	NR3C1	1	1	0	0	0	0
P04150	P43354	NR3C1	NR4A2	1	1	0	1	1	0
P43354	P04150	NR4A2	NR3C1	1	1	0	1	1	0
P04150	Q92570	NR3C1	NR4A3	1	1	0	1	1	0
Q92570	P04150	NR4A3	NR3C1	1	1	0	1	1	0
P22736	P10589	NR4A1	NR2F1	1	1	0	1	1	0
P22736	P43354	NR4A1	NR4A2	1	1	0	1	1	0
P43354	P22736	NR4A2	NR4A1	1	1	0	1	1	0
P22736	Q92570	NR4A1	NR4A3	1	1	0	1	1	0
Q92570	P22736	NR4A3	NR4A1	1	1	0	1	1	0
P20823	P03372	HNF1A	ESR1	1	1	0	1	1	0
P41221	Q9UBE8	WNT5A	NLK	1	1	0	1	1	0
P35222	P22736	CTNNB1	NR4A1	1	1	0	1	1	0
P35222	P43354	CTNNB1	NR4A2	1	1	0	1	1	0
P35222	Q92570	CTNNB1	NR4A3	1	1	0	1	1	0
Q15596	P10276	NCOA2	RARA	1	1	0	1	1	0
P03372	Q15596	ESR1	NCOA2	1	1	0	1	1	0
P48552	P03372	NRIP1	ESR1	1	1	1	1	1	0
P10276	P48552	RARA	NRIP1	1	1	0	1	1	0
P48552	P10276	NRIP1	RARA	1	1	0	1	1	0
P28702	P48552	RXRB	NRIP1	1	1	0	1	1	0
P48552	P28702	NRIP1	RXRB	1	1	0	0	0	0
P48552	Q07869	NRIP1	PPARA	1	0	1	1	0	1
P10276	P00533	RARA	EGFR	1	1	0	1	1	0
P12931	P19793	SRC	RXRA	1	1	0	1	1	0
P12931	P37231	SRC	PPARG	1	1	0	1	1	0
P05771	P14598	PRKCB	NCF1	1	1	0	1	1	0
Q05655	P14598	PRKCD	NCF1	1	1	0	1	1	0
Q13153	Q92934	PAK1	BAD	1	0	1	1	0	1
P09769	P49023	FGR	PXN	1	1	0	1	1	0
P08631	P49023	HCK	PXN	1	1	0	1	1	0
P07948	P49023	LYN	PXN	1	1	0	1	1	0
P12931	P49023	SRC	PXN	1	1	0	1	1	0
Q92556	Q92608	ELMO1	DOCK2	1	0	0	0	0	0
P17612	Q8TCU6	PRKACA	PREX1	1	0	1	1	0	1
P22694	Q8TCU6	PRKACB	PREX1	1	0	1	1	0	1
P22612	Q8TCU6	PRKACG	PREX1	1	0	1	1	0	1
P51817	Q8TCU6	PRKX	PREX1	1	0	1	1	0	1
P09769	Q05397	FGR	PTK2	1	1	0	1	1	0
P08631	Q05397	HCK	PTK2	1	1	0	1	1	0
P12931	Q05397	SRC	PTK2	1	1	0	1	1	0
P09769	Q14289	FGR	PTK2B	1	1	0	1	1	0
Q14289	P09769	PTK2B	FGR	1	1	0	0	0	0
P08631	Q14289	HCK	PTK2B	1	1	0	1	1	0
Q14289	P08631	PTK2B	HCK	1	1	0	0	0	0
P07948	Q14289	LYN	PTK2B	1	1	0	1	1	0
Q14289	P07948	PTK2B	LYN	1	1	0	0	0	0
Q05513	Q8TEW0	PRKCZ	PARD3	1	1	0	1	1	0
Q8TEW0	Q13009	PARD3	TIAM1	1	0	1	1	0	1
P60484	Q05397	PTEN	PTK2	1	0	1	1	0	1
Q08881	Q9UKW4	ITK	VAV3	1	1	0	1	1	0
O43561	Q9UKW4	LAT	VAV3	1	0	0	0	0	0
P60953	Q05513	CDC42	PRKCZ	1	1	0	1	1	0
Q05513	P28482	PRKCZ	MAPK1	1	1	0	1	1	0
Q05513	P27361	PRKCZ	MAPK3	1	1	0	1	1	0
P52333	P52630	JAK3	STAT2	1	1	0	1	1	0
P52333	P51692	JAK3	STAT5B	1	1	0	1	1	0
P14598	Q9NPH5	NCF1	NOX4	1	0	0	0	0	0
P60953	O14733	CDC42	MAP2K7	1	1	0	1	1	0
P28482	P01100	MAPK1	FOS	1	1	0	1	1	0
P27361	P01100	MAPK3	FOS	1	1	0	1	1	0
P61586	P60484	RHOA	PTEN	1	0	0	0	0	0
Q15116	P29350	PDCD1	PTPN6	1	0	0	0	0	0
O43318	P36507	MAP3K7	MAP2K2	1	0	0	0	0	0
P04234	P07766	CD3D	CD3E	1	0	0	0	0	0
P04435	P20963	TRBV7-9	CD247	1	0	0	0	0	0
Q9UDY8	O95999	MALT1	BCL10	1	0	0	0	0	0
P51681	P52333	CCR5	JAK3	1	1	0	1	1	0
P61073	P52333	CXCR4	JAK3	1	1	0	1	1	0
O95622	P49913	ADCY5	CAMP	1	1	0	1	1	0
O43306	P49913	ADCY6	CAMP	1	0	0	0	0	0
P49913	P17612	CAMP	PRKACA	1	1	0	1	1	0
P49913	P22694	CAMP	PRKACB	1	1	1	1	1	0
P49913	P22612	CAMP	PRKACG	1	0	0	0	0	0
P49913	P51817	CAMP	PRKX	1	0	0	0	0	0
P09769	P29353	FGR	SHC1	1	1	0	1	1	0
P08631	P29353	HCK	SHC1	1	1	0	1	1	0
P07948	P29353	LYN	SHC1	1	1	0	1	1	0
P12931	P29353	SRC	SHC1	1	1	0	1	1	0
Q9Y243	Q92934	AKT3	BAD	1	1	1	1	0	1
P25963	P19838	NFKBIA	NFKB1	1	1	1	0	0	0
Q9Y243	P49841	AKT3	GSK3B	1	1	1	1	0	1
Q9Y243	O43524	AKT3	FOXO3	1	0	1	1	0	1
P43403	Q16539	ZAP70	MAPK14	1	1	0	1	1	0
Q9Y243	P38936	AKT3	CDKN1A	1	1	1	1	0	1
P41240	P06239	CSK	LCK	1	1	1	1	0	1
O14775	Q01970	GNB5	PLCB3	1	1	0	1	1	0
P50150	Q01970	GNG4	PLCB3	1	1	0	1	1	0
Q15257	P31749	PTPA	AKT1	1	1	1	1	0	1
Q15257	Q9Y243	PTPA	AKT3	1	0	1	1	0	1
Q12959	Q16539	DLG1	MAPK14	1	0	0	0	0	0
P16410	P29350	CTLA4	PTPN6	1	0	0	0	0	0
P16410	Q15257	CTLA4	PTPA	1	0	0	0	0	0
Q15116	Q06124	PDCD1	PTPN11	1	0	0	0	0	0
P16410	Q06124	CTLA4	PTPN11	1	0	0	0	0	0
P63096	O95622	GNAI1	ADCY5	1	0	1	1	0	1
P63096	O43306	GNAI1	ADCY6	1	0	1	1	0	1
P04899	O95622	GNAI2	ADCY5	1	0	1	1	0	1
P04899	O43306	GNAI2	ADCY6	1	0	1	1	0	1
P08754	O95622	GNAI3	ADCY5	1	0	1	1	0	1
P08754	O43306	GNAI3	ADCY6	1	0	1	1	0	1
P09769	P27986	FGR	PIK3R1	1	1	0	1	1	0
P09769	O00459	FGR	PIK3R2	1	1	0	1	1	0
P08631	P27986	HCK	PIK3R1	1	1	0	1	1	0
P08631	O00459	HCK	PIK3R2	1	1	0	1	1	0
P07948	O00459	LYN	PIK3R2	1	1	0	1	1	0
P12931	P27986	SRC	PIK3R1	1	0	0	0	0	0
P12931	O00459	SRC	PIK3R2	1	1	0	1	1	0
Q13191	O00459	CBLB	PIK3R2	1	1	1	1	0	1
P29350	P27986	PTPN6	PIK3R1	1	0	1	1	0	1
P29350	O00459	PTPN6	PIK3R2	1	0	1	1	0	1
O14775	P27986	GNB5	PIK3R1	1	1	0	1	1	0
O14775	O00459	GNB5	PIK3R2	1	1	0	1	1	0
P50150	P27986	GNG4	PIK3R1	1	1	0	1	1	0
P50150	O00459	GNG4	PIK3R2	1	1	0	1	1	0
P51681	P63096	CCR5	GNAI1	1	1	0	1	1	0
P51681	P04899	CCR5	GNAI2	1	1	0	1	1	0
P51681	P08754	CCR5	GNAI3	1	1	0	1	1	0
P61073	P63096	CXCR4	GNAI1	1	1	0	1	1	0
P61073	P04899	CXCR4	GNAI2	1	1	0	1	1	0
P61073	P08754	CXCR4	GNAI3	1	1	0	1	1	0
P25098	P63096	GRK2	GNAI1	1	0	0	0	0	0
P25098	P04899	GRK2	GNAI2	1	0	0	0	0	0
P25098	P08754	GRK2	GNAI3	1	0	0	0	0	0
P35626	P63096	GRK3	GNAI1	1	0	0	0	0	0
P35626	P04899	GRK3	GNAI2	1	0	0	0	0	0
P35626	P08754	GRK3	GNAI3	1	0	0	0	0	0
P32298	P63096	GRK4	GNAI1	1	0	0	0	0	0
P32298	P04899	GRK4	GNAI2	1	0	0	0	0	0
P32298	P08754	GRK4	GNAI3	1	0	0	0	0	0
P34947	P63096	GRK5	GNAI1	1	0	0	0	0	0
P34947	P04899	GRK5	GNAI2	1	0	0	0	0	0
P34947	P08754	GRK5	GNAI3	1	0	0	0	0	0
P43250	P63096	GRK6	GNAI1	1	0	0	0	0	0
P43250	P04899	GRK6	GNAI2	1	0	0	0	0	0
P43250	P08754	GRK6	GNAI3	1	0	0	0	0	0
P49407	P63096	ARRB1	GNAI1	1	0	1	1	0	1
P49407	P04899	ARRB1	GNAI2	1	0	1	1	0	1
P49407	P08754	ARRB1	GNAI3	1	0	1	1	0	1
P32121	P63096	ARRB2	GNAI1	1	0	1	1	0	1
P32121	P04899	ARRB2	GNAI2	1	0	1	1	0	1
P32121	P08754	ARRB2	GNAI3	1	0	1	1	0	1
P28482	P29350	MAPK1	PTPN6	1	0	1	1	0	1
P27361	P29350	MAPK3	PTPN6	1	0	1	1	0	1
Q9UQC2	Q13094	GAB2	LCP2	1	0	1	1	0	1
O75791	Q13094	GRAP2	LCP2	1	0	0	0	0	0
P49841	P08574	GSK3B	CYC1	1	0	1	1	0	1
P16410	Q13191	CTLA4	CBLB	1	0	0	0	0	0
P10747	Q13191	CD28	CBLB	1	0	1	1	0	1
P63096	O14775	GNAI1	GNB5	1	0	0	0	0	0
P63096	P50150	GNAI1	GNG4	1	0	0	0	0	0
P04899	O14775	GNAI2	GNB5	1	0	0	0	0	0
P04899	P50150	GNAI2	GNG4	1	0	0	0	0	0
P08754	O14775	GNAI3	GNB5	1	0	0	0	0	0
P08754	P50150	GNAI3	GNG4	1	0	0	0	0	0
P43403	O43561	ZAP70	LAT	1	1	0	1	1	0
P43403	P78314	ZAP70	SH3BP2	1	0	0	0	0	0
O43561	P78314	LAT	SH3BP2	1	0	0	0	0	0
Q68D39	O15111	DKFZp686J04131	CHUK	1	0	0	0	0	0
Q68D39	O14920	DKFZp686J04131	IKBKB	1	0	0	0	0	0
Q16539	P49023	MAPK14	PXN	1	0	0	0	0	0
P49023	Q13469	PXN	NFATC2	1	0	0	0	0	0
P63096	P09769	GNAI1	FGR	1	1	0	1	1	0
P63096	P08631	GNAI1	HCK	1	1	0	1	1	0
P63096	P07948	GNAI1	LYN	1	0	0	0	0	0
P63096	P12931	GNAI1	SRC	1	1	0	1	1	0
P04899	P09769	GNAI2	FGR	1	1	0	1	1	0
P04899	P08631	GNAI2	HCK	1	1	0	1	1	0
P04899	P07948	GNAI2	LYN	1	1	0	1	1	0
P04899	P12931	GNAI2	SRC	1	1	0	1	1	0
P08754	P09769	GNAI3	FGR	1	0	0	0	0	0
P08754	P08631	GNAI3	HCK	1	0	0	0	0	0
P08754	P07948	GNAI3	LYN	1	0	0	0	0	0
P08754	P12931	GNAI3	SRC	1	0	0	0	0	0
O14733	P36507	MAP2K7	MAP2K2	1	0	0	0	0	0
Q13233	P36507	MAP3K1	MAP2K2	1	1	0	1	1	0
P04435	P04234	TRBV7-9	CD3D	1	0	0	0	0	0
P20963	P16333	CD247	NCK1	1	0	0	0	0	0
P10747	Q08881	CD28	ITK	1	0	0	0	0	0
P06239	Q08881	LCK	ITK	1	1	0	1	1	0
P60484	P22681	PTEN	CBL	1	0	0	0	0	0
Q13191	P60484	CBLB	PTEN	1	0	0	0	0	0
O43561	P27986	LAT	PIK3R1	1	1	0	1	1	0
O43561	O00459	LAT	PIK3R2	1	1	0	1	1	0
P09769	Q92556	FGR	ELMO1	1	1	0	1	1	0
P08631	Q92556	HCK	ELMO1	1	1	0	1	1	0
P07948	Q92556	LYN	ELMO1	1	1	0	1	1	0
P12931	Q92556	SRC	ELMO1	1	0	0	0	0	0
P31749	Q04759	AKT1	PRKCQ	1	0	0	0	0	0
Q9Y243	Q04759	AKT3	PRKCQ	1	0	0	0	0	0
P41279	Q68D39	MAP3K8	DKFZp686J04131	1	0	0	0	0	0
P49841	Q13469	GSK3B	NFATC2	1	0	1	1	0	1
P31749	P41279	AKT1	MAP3K8	1	1	0	1	1	0
Q9Y243	P41279	AKT3	MAP3K8	1	1	0	1	1	0